1,Melinde,Shilburne,Female,Assistant Professor,50.577408,16.496717,57438.18,4786.514973958333,1,0
2,Kimberly,Von Welden,Female,Programmer II,48.82316,103.52182,62846.6,5237.216796875,1,0
3,Alvera,Di Boldi,Female,n/a,39.994747,116.339775,57576.52,4798.043294270833,1,0
4,Shannon,O'Griffin,Male,Budget/Accounting Analyst II,44.504723,38.130016,61489.23,5124.1025390625,0,1
5,Sherwood,Macieja,Male,VP Sales,"",37.648994,63863.09,5321.924153645833,0,1
6,Maris,Folk,Female,Civil Engineer,53.426613,-6.1644998,30101.16,2508.4300130208335,1,0
7,Masha,Divers,Female,n/a,24.879416,118.930115,25090.87,2090.90576171875,1,0
8,Goddart,Flear,Male,Desktop Support Technician,45.190517,0.7423124,46116.36,3843.0299479166665,0,1
9,Roth,O'Cannavan,Male,VP Product Management,32.027935,106.65711,73697.1,6141.425130208333,0,1
10,Bran,Trahear,Male,Mechanical Systems Engineer,4.272793,-74.416016,68098.42,5674.868489583333,0,1
11,Kylynn,Lockart,Female,Nuclear Power Engineer,-5.85,-79.88333,13604.63,1133.7191569010417,1,0
12,Rey,Meharg,Female,Systems Administrator I,39.17238,116.93161,73423.7,6118.641927083333,1,0
13,Kerr,Braden,Male,Compensation Analyst,49.81518,19.377174,33432.99,2786.0823567708335,0,1
14,Mickie,Whanstall,Male,Assistant Media Planner,42.10148,-72.576675,50838.53,4236.544270833333,0,1
15,Kaspar,Pally,Male,Analyst Programmer,49.79233,13.491532,40163.03,3346.9192708333335,0,1
16,Norbie,Gwyllt,Male,Editor,43.494576,5.897802,32492.73,2707.7275390625,0,1
17,Claude,Briant,Female,Research Assistant II,52.744167,17.327864,51862.48,4321.873372395833,1,0
18,Thain,Habbon,Male,Design Engineer,38.696247,-8.709834,42135.67,3511.3059895833335,0,1
19,Tiffanie,Pattison,Female,Senior Financial Analyst,-7.7232566,113.46868,91925.08,7660.423177083333,1,0
20,Ettore,Gerriets,Male,Staff Accountant IV,40.717205,-8.3625145,73921.33,6160.110677083333,0,1
21,Alon,Chasteau,Male,Web Developer I,49.16291,127.98658,62755.85,5229.654296875,0,1
22,Guthrey,Johnke,Male,Developer I,40.757683,23.134218,13708.03,1142.3358561197917,0,1
23,Lurleen,Janczak,Female,Web Developer IV,48.49028,39.27122,29384.72,2448.7267252604165,1,0
24,Nichol,Holtum,Female,Paralegal,49.971825,12.884627,27797.98,2316.4983723958335,1,0
25,Shaun,Bridle,Female,Office Assistant IV,29.866917,118.403786,71279.6,5939.966796875,1,0
26,Leandra,Anfrey,Female,VP Product Management,32.65463,51.667984,30201.32,2516.7766927083335,1,0
27,Jarvis,Perone,Male,Associate Professor,59.283207,17.957006,55313.18,4609.431640625,0,1
28,Jaquelyn,Hazard,Female,Tax Accountant,23.810331,90.41252,68368.55,5697.37890625,1,0
29,Prudence,Honacker,Female,VP Accounting,14.546672,100.079575,64920.07,5410.005859375,1,0
30,Cherey,Liger,Female,Design Engineer,34.77912,135.4204,94566.69,7880.557291666667,1,0
31,Neda,Krop,Female,Software Consultant,15.247888,104.87645,48945.4,4078.783203125,1,0
32,Westleigh,Belderfield,Male,Accountant III,19.76004,102.18329,78336.59,6528.049479166667,0,1
33,Odell,Morritt,Male,Design Engineer,13.444138,144.78209,72777.48,6064.789713541667,0,1
34,Barbi,Fattorini,Female,Desktop Support Technician,51.784008,22.32681,18163.55,1513.6292317708333,1,0
35,Base,Summerlad,Male,Business Systems Development Analyst,9.448871,-82.48518,53137.8,4428.150065104167,0,1
36,Paddy,Ashness,Male,Engineer III,40.568405,44.815758,34851.65,2904.3040364583335,0,1
37,Nicko,Frays,Male,Health Coach I,-4.8654137,-43.362,99786.4,8315.533203125,0,1
38,Lonnie,Townshend,Female,Desktop Support Technician,20.466867,45.56294,44520.89,3710.07421875,1,0
39,Valida,Salzberg,Female,Assistant Professor,66.14511,-65.71252,94224.48,7852.039713541667,1,0
40,Pierrette,Calow,Female,Legal Assistant,63.537266,23.69932,85120.77,7093.397786458333,1,0
41,Deirdre,Codrington,Female,Software Engineer I,-17.458666,-63.66915,85861.33,7155.110677083333,1,0
42,Chelsie,Yewdell,Female,Engineer IV,56.135742,13.111945,77039.47,6419.955729166667,1,0
43,Hadrian,Crumpe,Male,Physical Therapy Assistant,16.516342,-15.802612,36879.44,3073.2867838541665,0,1
44,Orville,Rigardeau,Male,Data Coordiator,50.014263,20.096687,20350.35,1695.8624674479167,0,1
45,Gabrielle,Tippings,Female,Editor,30.20003,115.03883,98690.34,8224.1953125,1,0
46,Sollie,D'Acth,Male,Design Engineer,43.74542,44.683067,31385.87,2615.4890950520835,0,1
47,Karissa,Steinham,Female,Human Resources Assistant III,30.916426,118.73465,56333.77,4694.480794270833,1,0
48,Farlee,Callen,Male,Structural Analysis Engineer,-8.776544,116.50937,16866.41,1405.5341796875,0,1
49,Franklyn,Campo,Male,Statistician I,56.012775,37.22298,62765.0,5230.416666666667,0,1
50,Joleen,Kermeen,Female,Statistician II,-4.769162,11.866362,31536.09,2628.0074869791665,1,0
51,Devi,Brownsmith,Female,Structural Analysis Engineer,-34.70618,-58.312477,11376.58,948.04833984375,1,0
52,Seth,Gosnell,Male,Nurse Practicioner,51.32683,28.802896,40880.0,3406.6666666666665,0,1
53,Leonard,Maskell,Male,Associate Professor,50.54167,40.049805,70536.96,5878.080078125,0,1
54,Bartolomeo,Draycott,Male,VP Product Management,34.746613,113.62533,20313.87,1692.8224283854167,0,1
55,Addison,Goudard,Male,Safety Technician IV,28.099018,-15.420325,91642.24,7636.853515625,0,1
56,Goldina,MacFarlane,Female,Research Nurse,36.14593,113.01869,25341.68,2111.806640625,1,0
57,Sigrid,Iglesias,Female,Human Resources Manager,27.049109,108.42969,24102.95,2008.5791015625,1,0
58,Valentine,Farnsworth,Male,Software Test Engineer IV,33.359474,35.58893,21209.67,1767.4724934895833,0,1
59,Lusa,Kowal,Female,Financial Advisor,-24.500229,-47.84481,43176.23,3598.0192057291665,1,0
60,Rex,Sapsforde,Male,Budget/Accounting Analyst I,-31.453413,-64.208916,42001.91,3500.1591796875,0,1
61,Adam,Seagood,Male,Research Associate,-8.1831,111.5359,28660.11,2388.3424479166665,0,1
62,Pierette,Zanelli,Female,Senior Quality Engineer,35.655346,139.54764,72918.12,6076.509765625,1,0
63,Antone,Erie,Male,Help Desk Operator,45.057796,34.605095,51271.99,4272.665690104167,0,1
64,Dougy,Browse,Male,Engineer III,44.366554,39.709908,97531.47,8127.622395833333,0,1
65,Faydra,Ashpital,Female,Budget/Accounting Analyst I,-28.672731,20.428444,44648.27,3720.6891276041665,1,0
66,Trish,Yankeev,Female,Assistant Media Planner,7.8394837,126.05028,93014.49,7751.207682291667,1,0
67,Zorine,Dradey,Female,Marketing Assistant,-6.471274,110.81711,88665.42,7388.78515625,1,0
68,Odell,Hanselman,Male,Senior Editor,39.193535,-7.286695,62508.87,5209.072591145833,0,1
69,Elsey,Leathes,Female,Financial Analyst,13.675784,-89.289474,57635.05,4802.9208984375,1,0
70,Elva,Rabley,Female,Analyst Programmer,42.76656,-81.17475,16987.33,1415.61083984375,1,0
71,Port,Earie,Male,Environmental Specialist,30.760344,120.75566,55844.6,4653.716796875,0,1
72,Marmaduke,Eykel,Male,Web Designer I,52.28769,45.360283,14012.83,1167.73583984375,0,1
73,Joelynn,Schooley,Female,Software Consultant,10.115436,105.28344,51871.31,4322.609049479167,1,0
74,Julietta,Andrusyak,Female,VP Accounting,37.935696,23.729456,32930.55,2744.2125651041665,1,0
75,Roy,Simmonite,Male,Developer I,39.95304,116.37121,49125.16,4093.7633463541665,0,1
76,Jonathon,Rielly,Male,Automation Specialist I,31.298973,120.58529,66832.92,5569.41015625,0,1
77,Randa,Yurivtsev,Female,Physical Therapy Assistant,-2.7217612,115.200775,63633.33,5302.77734375,1,0
78,Perri,Brett,Female,Software Test Engineer I,-8.3965,123.0856,98439.49,8203.291015625,1,0
79,Timmi,Rapinett,Female,Operator,40.815773,-8.489917,75531.19,6294.265625,1,0
80,Kassi,Stoakes,Female,Web Designer II,24.633362,110.6433,91516.53,7626.377604166667,1,0
81,Alvin,Doman,Male,Research Assistant I,44.486843,43.940807,53258.86,4438.23828125,0,1
82,Maddy,Francino,Male,Administrative Assistant II,13.691066,100.61402,29440.47,2453.37255859375,0,1
83,Hillary,Rainsden,Male,Tax Accountant,56.399696,61.879974,51071.58,4255.96484375,0,1
84,Dael,Bediss,Male,Civil Engineer,9.9533825,98.61117,54840.2,4570.0166015625,0,1
85,Gothart,Olivey,Male,Assistant Media Planner,22.356083,112.56237,99942.92,8328.576822916666,0,1
86,Conant,Temby,Male,VP Product Management,31.340637,119.82331,49795.04,4149.586588541667,0,1
87,Celisse,Trevers,Female,Operator,44.120186,43.40174,20601.37,1716.78076171875,1,0
88,Carole,Gavan,Female,Account Coordinator,-7.2841,108.2148,27026.7,2252.2249348958335,1,0
89,Pablo,Whytock,Male,Mechanical Systems Engineer,-32.884205,-68.799805,94648.51,7887.375651041667,0,1
90,Cammie,Stede,Female,Senior Editor,59.368755,17.977808,45239.36,3769.9466145833335,1,0
91,Ianthe,Szubert,Female,Marketing Assistant,58.322002,12.314594,26830.47,2235.87255859375,1,0
92,Lorene,Loines,Female,Senior Editor,53.032936,23.606218,36636.17,3053.0143229166665,1,0
93,Rowen,Terren,Male,Nurse,36.860374,137.42848,35134.88,2927.9065755208335,0,1
94,Milka,Brightie,Female,Occupational Therapist,37.851936,23.840816,31388.07,2615.6725260416665,1,0
95,Nickolaus,Wollaston,Male,Registered Nurse,39.50308,64.81142,47221.4,3935.1165364583335,0,1
96,Colette,Corradeschi,Female,Geological Engineer,50.881638,20.465929,78229.0,6519.083333333333,1,0
97,Emmalynn,Poytres,Female,Human Resources Manager,38.94926,-9.106881,19591.11,1632.5924479166667,1,0
98,Enrica,Vasyunkin,Female,Accounting Assistant I,-2.4681008,-66.141525,30039.87,2503.3224283854165,1,0
99,Margarete,Andreopolos,Female,Quality Engineer,-6.147133,106.62324,23216.03,1934.6691080729167,1,0
100,Aime,Phlippi,Female,Account Executive,64.89735,45.765175,15428.49,1285.70751953125,1,0
101,Alene,Odd,Female,Accounting Assistant II,9.91416,-75.41116,37379.03,3114.9192708333335,1,0
102,Olivia,Tregidgo,Female,Assistant Professor,23.736458,107.998146,28120.01,2343.3341471354165,1,0
103,Westbrooke,Itchingham,Male,Structural Analysis Engineer,20.263956,105.97534,23180.71,1931.7259114583333,0,1
104,Chantal,Darlaston,Female,Sales Representative,-3.837556,32.593826,27726.38,2310.53173828125,1,0
105,Dorisa,Screwton,Female,Clinical Specialist,5.329576,103.13691,81003.76,6750.313151041667,1,0
106,Kory,Sayre,Male,Office Assistant I,49.285973,-0.4889547,81237.21,6769.767578125,0,1
107,Rhodia,Glazzard,Female,Actuary,45.93808,16.780666,42166.97,3513.9140625,1,0
108,Miriam,Jertz,Female,Quality Engineer,22.529404,103.93935,27902.32,2325.193359375,1,0
109,Thibaud,Muncer,Male,Human Resources Manager,48.627747,2.4381666,77843.68,6486.973307291667,0,1
110,Annadiana,Keward,Female,Paralegal,39.488182,76.72372,23456.67,1954.7224934895833,1,0
111,Dennis,Sutcliff,Male,Tax Accountant,42.40085,21.433231,65911.46,5492.621744791667,0,1
112,Andros,De Metz,Male,Director of Sales,50.058876,23.973646,11832.43,986.0358072916666,0,1
113,Tudor,Honeywood,Male,Human Resources Manager,32.171555,35.09746,92758.26,7729.854817708333,0,1
114,Penn,Meeland,Male,Nurse,22.270979,113.576675,38301.58,3191.7981770833335,0,1
115,Allard,Cordel,Male,Compensation Analyst,45.863018,5.947966,18907.81,1575.65087890625,0,1
116,Marni,Loney,Female,Cost Accountant,22.324743,114.21104,40708.57,3392.380859375,1,0
117,Alli,Mc Pake,Female,Staff Scientist,-6.2002535,106.82217,58172.73,4847.7275390625,1,0
118,Jana,Corinton,Female,Desktop Support Technician,31.933973,118.67034,40968.05,3414.0042317708335,1,0
119,Luigi,Meadway,Male,Engineer I,36.64841,9.61465,67858.48,5654.873046875,0,1
120,Carol-jean,Bette,Female,Payment Adjustment Coordinator,-6.4,39.55,41636.99,3469.7490234375,1,0
121,Verne,Warrior,Male,Legal Assistant,40.1796,112.89199,45315.98,3776.3317057291665,0,1
122,Rem,Dumberell,Male,Librarian,-17.506157,24.280655,96665.24,8055.436848958333,0,1
123,Katy,Jovicevic,Female,Dental Hygienist,58.684196,15.751332,18764.53,1563.7107747395833,1,0
124,Jackson,Meriet,Male,Actuary,29.31525,90.59979,82505.36,6875.446614583333,0,1
125,Marcus,Hulls,Male,Senior Sales Associate,9.825256,105.81729,25805.88,2150.4900716145835,0,1
126,Monica,Linfoot,Female,Media Manager IV,50.010593,12.624753,36963.69,3080.3076171875,1,0
127,Boot,Rosling,Male,VP Marketing,41.96192,86.48348,26039.31,2169.9425455729165,0,1
128,Beitris,Wolseley,Female,Sales Representative,33.200333,120.50085,76648.16,6387.346354166667,1,0
129,Franny,Austing,Male,Community Outreach Specialist,43.494576,5.897802,78582.67,6548.555989583333,0,1
130,Bee,Lacrouts,Female,Assistant Professor,45.054535,15.896662,19415.08,1617.92333984375,1,0
131,Larry,Lyard,Male,Pharmacist,38.705273,-9.389659,32623.85,2718.6541341145835,0,1
132,Andrus,Shinn,Male,Senior Editor,11.414811,-9.17883,43934.36,3661.1966145833335,0,1
133,Manya,Westall,Female,Help Desk Operator,15.42495,120.77476,68709.02,5725.751953125,1,0
134,Grant,Tilbrook,Male,Safety Technician III,59.33624,18.023237,29421.53,2451.7941080729165,0,1
135,Aubrie,Swyndley,Female,Internal Auditor,49.19129,15.052435,82905.58,6908.798177083333,1,0
136,Kellby,Hamprecht,Male,Chief Design Engineer,49.291775,31.446533,23203.43,1933.619140625,0,1
137,Killy,Salzen,Male,Biostatistician III,38.2991,23.499468,72816.54,6068.044921875,0,1
138,Tadio,MacSkeagan,Male,Compensation Analyst,17.302607,-62.717693,29172.07,2431.005859375,0,1
139,Laetitia,Gasking,Female,Registered Nurse,32.82794,13.381834,10908.22,909.018310546875,1,0
140,Andie,Ernshaw,Female,Executive Secretary,-9.47183,-78.30066,58377.47,4864.7890625,1,0
141,Klement,Meadowcroft,Male,Structural Analysis Engineer,31.329103,31.713299,16800.32,1400.0266927083333,0,1
142,Leland,Stratton,Male,Help Desk Technician,59.110203,9.675964,63518.65,5293.220703125,0,1
143,Dew,Browncey,Male,Sales Representative,45.16102,1.663862,93339.99,7778.332682291667,0,1
144,Rocky,Hatherleigh,Male,Administrative Assistant III,59.85578,13.548524,85289.16,7107.4296875,0,1
145,Tam,Elgey,Male,Dental Hygienist,-6.971499,107.56938,74381.32,6198.443359375,0,1
146,Waldemar,Knill,Male,Financial Analyst,41.30584,124.120285,93817.51,7818.125651041667,0,1
147,Sheryl,Werlock,Female,Payment Adjustment Coordinator,61.00317,25.394728,93969.04,7830.753255208333,1,0
148,Lizzie,Cridlin,Female,Electrical Engineer,-10.5411,123.2875,69631.29,5802.607421875,1,0
149,Helaine,Boatwright,Female,GIS Technical Architect,23.179857,-81.18853,66530.4,5544.199869791667,1,0
150,Erhard,Clewer,Male,Occupational Therapist,-8.47822,115.24568,49458.47,4121.5390625,0,1
151,Vernice,Earle,Female,Account Representative I,43.775562,23.724615,14866.42,1238.8683268229167,1,0
152,Barnabe,Milius,Male,Assistant Professor,22.775791,108.3179,48229.48,4019.1233723958335,0,1
153,Rhona,Ohrt,Female,Pharmacist,37.197624,-8.440508,50052.89,4171.07421875,1,0
154,Winnie,Cumbridge,Male,Professor,-54.28115,-36.50874,66235.17,5519.59765625,0,1
155,Burch,Dewer,Male,Assistant Media Planner,60.76512,26.786919,68685.75,5723.8125,0,1
156,Doe,Fintoph,Female,Graphic Designer,11.500051,123.05038,16314.79,1359.5658365885417,1,0
157,Mikkel,Hewins,Male,Programmer Analyst III,27.993828,120.69936,18941.51,1578.4591471354167,0,1
158,Cynthie,Finlow,Female,Assistant Manager,33.352726,-7.5788975,36268.65,3022.3873697916665,1,0
159,Georgianne,Henriques,Female,Environmental Specialist,30.67936,104.011665,63954.52,5329.543294270833,1,0
160,Alane,Southworth,Female,Programmer Analyst I,51.413155,5.4852796,24042.1,2003.50830078125,1,0
161,Carlynn,Freiburger,Female,Programmer Analyst III,41.56227,26.51264,63792.21,5316.017578125,1,0
162,Angel,Stripp,Male,Analog Circuit Design manager,44.35592,41.511307,38294.01,3191.1676432291665,0,1
163,Valentino,Loxley,Male,Software Consultant,41.46429,-74.36236,87708.4,7309.033203125,0,1
164,Zolly,Bonner,Male,Tax Accountant,47.49371,87.54161,89869.39,7489.115885416667,0,1
165,Christoforo,Whitington,Male,Analog Circuit Design manager,31.284096,130.32672,37676.99,3139.7490234375,0,1
166,Buddie,Marley,Male,Legal Assistant,12.1630335,-84.21998,34944.8,2912.0667317708335,0,1
167,Buiron,Franzotto,Male,Health Coach III,51.37043,16.960627,55731.78,4644.315104166667,0,1
168,Junette,Britzius,Female,Automation Specialist IV,61.86281,29.277567,68351.21,5695.934244791667,1,0
169,Trefor,Panas,Male,VP Marketing,59.9022,30.337849,69030.34,5752.528645833333,0,1
170,Randi,Othick,Male,Operator,-6.8031683,107.30506,75388.39,6282.365885416667,0,1
171,Howey,Moyes,Male,Analog Circuit Design manager,-31.265774,-64.46039,26791.07,2232.5891927083335,0,1
172,Marita,Whyborn,Female,Biostatistician II,11.01088,6.798413,45680.97,3806.7473958333335,1,0
173,Guglielma,Camden,Female,Registered Nurse,41.654358,0.6251541,18892.46,1574.3717447916667,1,0
174,Roman,Keates,Male,Analyst Programmer,24.762173,-104.927895,25810.06,2150.83837890625,0,1
175,Etan,Cowey,Male,Staff Scientist,23.642115,104.88872,48994.63,4082.8857421875,0,1
176,Gustaf,Warrington,Male,Product Engineer,11.099042,122.65339,46385.22,3865.4348958333335,0,1
177,Gerardo,Pentercost,Male,Technical Writer,14.687445,120.96388,22930.28,1910.8566080729167,0,1
178,Rodie,Sagar,Female,Staff Accountant IV,45.50804,-73.564545,38003.97,3166.9973958333335,1,0
179,Laverna,Yuryichev,Female,Marketing Assistant,43.068382,25.742846,95106.34,7925.528645833333,1,0
180,Nannie,Matschuk,Female,Human Resources Assistant I,41.548557,-8.58254,24265.76,2022.1466471354167,1,0
181,Amitie,Stibbs,Female,Teacher,10.999194,122.67178,47861.51,3988.4593098958335,1,0
182,Rochella,MacAllister,Female,VP Quality Control,-31.432549,-64.13059,78262.15,6521.845703125,1,0
183,Levi,Govier,Male,Structural Engineer,27.955261,112.49723,13149.16,1095.7633463541667,0,1
184,Lief,Ord,Male,Human Resources Manager,16.004175,120.78064,31630.22,2635.8517252604165,0,1
185,Lezlie,Tregea,Female,Systems Administrator II,20.098057,-101.502785,94859.08,7904.923177083333,1,0
186,Bob,Doblin,Male,Recruiting Manager,39.915394,-7.9165006,89036.11,7419.67578125,0,1
187,Mab,Faughny,Female,Research Assistant IV,42.686916,21.06704,21039.36,1753.2799479166667,1,0
188,Cleo,Seden,Female,Design Engineer,41.676476,42.7086,58517.11,4876.42578125,1,0
189,Fabien,Burker,Male,Senior Editor,-6.7299867,107.3594,90248.34,7520.6953125,0,1
190,Karyn,Lyokhin,Female,Software Consultant,28.688267,77.134926,64614.47,5384.5390625,1,0
191,Kanya,Foucar,Female,Office Assistant I,40.62827,24.57621,66705.73,5558.810546875,1,0
192,Will,Filyushkin,Male,Senior Quality Engineer,44.166027,19.077534,45605.16,3800.4300130208335,0,1
193,Alfons,Dumbleton,Male,Research Assistant III,32.195793,48.254284,88389.56,7365.796875,0,1
194,Cati,Dallmann,Female,Human Resources Manager,18.168682,120.705,13765.9,1147.1583658854167,1,0
195,Giulia,Perton,Female,Product Engineer,-22.022757,-63.677525,92180.93,7681.744140625,1,0
196,Farica,Burnhard,Female,Systems Administrator III,41.933952,74.54047,60216.07,5018.005859375,1,0
197,Thibaut,Greenhough,Male,Budget/Accounting Analyst II,30.95413,20.119413,29417.71,2451.4759114583335,0,1
198,Willey,Ekell,Male,Nuclear Power Engineer,56.880203,52.296688,87006.61,7250.55078125,0,1
199,Raoul,Busst,Male,Programmer II,63.82746,20.259932,65110.06,5425.838216145833,0,1
200,Sianna,Malshinger,Female,Media Manager III,55.895145,21.262604,70306.29,5858.857421875,1,0
201,Dallas,Sheals,Male,Food Chemist,-20.085901,-45.29571,17283.25,1440.2708333333333,0,1
202,Cathleen,Moens,Female,Payment Adjustment Coordinator,36.434372,25.344727,97232.78,8102.731770833333,1,0
203,Arley,Ullock,Male,Food Chemist,37.073463,-8.775198,42895.45,3574.6207682291665,0,1
204,Merle,Ren,Female,Account Coordinator,1.424768,103.648705,71637.92,5969.826822916667,1,0
205,Mischa,Komorowski,Male,Research Assistant II,15.938574,120.49369,82423.71,6868.642578125,0,1
206,Penrod,Aukland,Male,Junior Executive,11.366184,6.322607,88916.91,7409.7421875,0,1
207,Linet,Gossan,Female,Librarian,40.02553,44.559345,35035.14,2919.5950520833335,1,0
208,Maurizio,Raddenbury,Male,Assistant Manager,36.97854,117.17352,41273.88,3439.4899088541665,0,1
209,Johan,Alishoner,Male,VP Sales,41.48698,123.68514,95523.91,7960.325520833333,0,1
210,Pauline,Koba,Female,Sales Representative,31.091814,121.19746,77840.79,6486.732421875,1,0
211,Federica,Baxstare,Female,VP Product Management,-6.7146373,107.47656,70062.73,5838.560546875,1,0
212,Sargent,Shimuk,Male,Quality Engineer,14.478312,121.033104,57861.79,4821.815755208333,0,1
213,Jemima,Echlin,Female,Administrative Assistant IV,40.32306,128.65527,37169.96,3097.4967447916665,1,0
214,Edan,Dealy,Male,Safety Technician I,-6.9561844,113.98835,90918.62,7576.551432291667,0,1
215,Angel,Robjant,Male,Occupational Therapist,-20.343863,57.763683,96856.73,8071.393880208333,0,1
216,Homerus,Grima,Male,Dental Hygienist,7.2149367,124.24047,87249.28,7270.7734375,0,1
217,Eileen,Janca,Female,General Manager,31.91001,35.21645,87905.43,7325.452473958333,1,0
218,Adolpho,Bauman,Male,Pharmacist,68.62602,-95.87836,68943.44,5745.286458333333,0,1
219,Cristine,Tessier,Female,Programmer III,26.56023,100.1765,63273.18,5272.764973958333,1,0
220,Clayborne,Kirton,Male,Programmer III,34.326904,108.117455,62823.11,5235.259114583333,0,1
221,Adara,Tinghill,Female,Occupational Therapist,36.994225,99.59804,39544.64,3295.38671875,1,0
222,Ruddy,Collop,Male,Cost Accountant,10.382654,-61.298424,45929.46,3827.455078125,0,1
223,Garvin,Conisbee,Male,Associate Professor,45.29776,2.5135984,81452.92,6787.743489583333,0,1
224,Codi,Carder,Female,Internal Auditor,-43.417614,172.65198,51894.06,4324.5048828125,1,0
225,Annmarie,Simionato,Female,Health Coach II,52.51254,16.839527,61517.64,5126.470052083333,1,0
226,Lothario,Holley,Male,Automation Specialist III,38.116264,140.85858,22727.95,1893.9957682291667,0,1
227,Aryn,Mason,Female,Electrical Engineer,14.662808,-87.77879,49236.21,4103.017578125,1,0
228,Dulcie,Huxton,Female,Accounting Assistant II,47.57454,-2.3578005,68066.76,5672.229817708333,1,0
229,Estele,Webland,Female,Occupational Therapist,35.621964,118.7257,77354.35,6446.195963541667,1,0
230,Mannie,Lydiate,Male,Design Engineer,30.96187,113.378136,55594.31,4632.859049479167,0,1
231,Maryjane,McKibben,Female,Geologist III,31.774647,73.595314,95247.14,7937.26171875,1,0
232,Giles,Russen,Male,Environmental Specialist,53.99614,27.72808,28830.91,2402.5758463541665,0,1
233,Mirna,Cortez,Female,Programmer Analyst II,-7.9637384,145.77173,44317.1,3693.091796875,1,0
234,Peri,Dykas,Female,Director of Sales,46.759335,103.51848,28106.51,2342.2091471354165,1,0
235,Johanna,Oiseau,Female,General Manager,22.008072,113.37859,70049.47,5837.455729166667,1,0
236,Kimberli,Niess,Female,Staff Accountant IV,52.087227,18.822437,60123.61,5010.30078125,1,0
237,Lutero,Beri,Male,Cost Accountant,12.483045,15.439025,31637.61,2636.4674479166665,0,1
238,Verne,Quinion,Male,Structural Analysis Engineer,51.883,4.3577,25602.2,2133.5166015625,0,1
239,Vivyanne,Astridge,Female,Food Chemist,30.513597,110.36172,11084.34,923.6949869791666,1,0
240,Lorenza,Brainsby,Female,Cost Accountant,14.732815,0.9104334,42273.42,3522.78515625,1,0
241,Willi,Grishunin,Female,Biostatistician IV,45.193485,5.7218986,91579.93,7631.660807291667,1,0
242,Sunny,Weddup,Female,Marketing Manager,24.84662,116.74609,73174.19,6097.848958333333,1,0
243,Dorree,Boor,Female,Community Outreach Specialist,55.251904,52.588223,12788.13,1065.677490234375,1,0
244,Alfy,McGrale,Male,Mechanical Systems Engineer,63.266468,18.628548,79852.59,6654.3828125,0,1
245,Filide,Danielsson,Female,Recruiting Manager,37.066677,57.496674,39808.48,3317.3733723958335,1,0
246,Willyt,Pisculli,Female,Accounting Assistant II,40.903442,-7.995345,26769.81,2230.8175455729165,1,0
247,Binnie,Concannon,Female,Business Systems Development Analyst,4.405403,98.168,80136.29,6678.024088541667,1,0
248,Lefty,Osler,Male,Data Coordiator,-0.970213,133.9246,90661.46,7555.121744791667,0,1
249,Innis,Goldsbrough,Male,Director of Sales,-3.3179402,114.60296,41031.96,3419.330078125,0,1
250,Ettore,Bricknell,Male,VP Sales,31.975313,35.19604,49488.58,4124.048177083333,0,1
251,Patton,Gumey,Male,Staff Accountant I,35.811398,139.83702,82610.81,6884.234375,0,1
252,Tabatha,Blackaller,Female,Assistant Manager,-10.4,40.333332,98737.87,8228.155598958334,1,0
253,Brigitta,Heinemann,Female,Executive Secretary,14.567232,121.02982,17535.13,1461.2609049479167,1,0
254,Dalton,Rubinsztein,Male,Administrative Officer,28.845442,121.131226,88602.74,7383.561848958333,0,1
255,Jameson,Gaiford,Male,Marketing Manager,40.142128,94.661964,27207.16,2267.2633463541665,0,1
256,Stearn,Niesel,Male,Software Consultant,28.85816,89.94036,31406.56,2617.21337890625,0,1
257,Leese,Filewood,Female,Biostatistician III,17.043709,95.643166,32445.61,2703.80078125,1,0
258,Sallyann,Allchin,Female,Payment Adjustment Coordinator,39.026093,-95.72269,71772.27,5981.022786458333,1,0
259,Hobie,Habbon,Male,VP Marketing,-2.1709979,-79.922356,59911.11,4992.592447916667,0,1
260,Melodee,Hugnot,Female,Help Desk Operator,-7.9794517,112.04167,35211.47,2934.2890625,1,0
261,Ranee,Mathers,Female,Assistant Professor,-7.44161,108.62053,22561.79,1880.1490885416667,1,0
262,Granny,Presslee,Male,Internal Auditor,33.237625,72.27084,72878.36,6073.196614583333,0,1
263,Chickie,Vango,Female,Legal Assistant,-6.6858425,-36.660248,79334.91,6611.2421875,1,0
264,Wolfgang,Ingarfield,Male,Graphic Designer,-5.785246,-35.32881,78640.95,6553.412760416667,0,1
265,Maxy,Stonham,Female,Food Chemist,68.8128,32.798668,98226.16,8185.513020833333,1,0
266,Stevana,Tawton,Female,VP Sales,12.6151,125.039,90210.7,7517.55859375,1,0
267,Matteo,Le Teve,Male,Help Desk Technician,40.55792,-8.59446,62976.14,5248.01171875,0,1
268,Pall,Burkill,Male,Nuclear Power Engineer,40.631874,48.63638,65228.68,5435.723307291667,0,1
269,Zachary,Oughtright,Male,Dental Hygienist,41.13674,20.384832,32805.16,2733.7633463541665,0,1
270,Candace,Lukesch,Female,Structural Engineer,49.75145,6.4641647,83840.06,6986.671875,1,0
271,Cyndie,Docker,Female,Legal Assistant,38.284946,114.44385,28926.95,2410.5791015625,1,0
272,Shelley,Lissenden,Male,VP Quality Control,-7.586175,110.19089,98603.82,8216.985026041666,0,1
273,Katerina,Stainton,Female,Compensation Analyst,35.819225,108.01955,85375.93,7114.660807291667,1,0
274,Far,Wyldbore,Male,Actuary,26.461077,111.59214,94971.49,7914.291015625,0,1
275,Silvanus,Puddan,Male,Accounting Assistant I,-3.0412633,119.1158,59255.43,4937.952473958333,0,1
276,Alyosha,Guerreiro,Male,Nurse,48.500492,39.04895,97909.88,8159.156901041667,0,1
277,Sonny,Grent,Male,Senior Cost Accountant,35.791405,140.2792,85517.7,7126.475260416667,0,1
278,Adella,Mustchin,Female,Executive Secretary,13.827428,100.36663,39999.73,3333.3108723958335,1,0
279,Walliw,Rotham,Female,Computer Systems Analyst III,46.31681,-78.69957,87553.73,7296.143880208333,1,0
280,Carri,Machel,Female,Accountant III,49.563614,6.012353,15589.56,1299.1299641927083,1,0
281,Gareth,Lutman,Male,Graphic Designer,38.01175,23.85484,28896.44,2408.03662109375,0,1
282,Howey,Beaconsall,Male,Speech Pathologist,38.51938,26.236368,41038.16,3419.8466796875,0,1
283,Beau,Michelin,Male,Junior Executive,15.412938,102.32348,67614.26,5634.521484375,0,1
284,Nicol,Craghead,Male,VP Product Management,53.19449,20.474483,91685.32,7640.443359375,0,1
285,Petey,Kyle,Male,Speech Pathologist,54.522842,26.191742,97968.4,8164.033203125,0,1
286,Jeanette,Docwra,Female,Community Outreach Specialist,6.65984,124.09981,64281.88,5356.8232421875,1,0
287,Alexei,Harriot,Male,Junior Executive,24.390594,114.52239,55711.38,4642.614908854167,0,1
288,Dynah,Heisman,Female,Product Engineer,14.541051,100.69852,74315.43,6192.952473958333,1,0
289,Benji,Lapree,Male,Librarian,45.221382,37.11683,77556.38,6463.031901041667,0,1
290,Parnell,Ridehalgh,Male,Payment Adjustment Coordinator,50.48972,20.449179,52960.88,4413.406575520833,0,1
291,Tarra,Iggulden,Female,Librarian,33.347317,120.16366,15755.36,1312.9466959635417,1,0
292,Fifi,Schankel,Female,General Manager,7.776232,123.73301,12772.66,1064.3883463541667,1,0
293,Deane,Falvey,Male,Research Nurse,62.133152,22.55812,30329.31,2527.4425455729165,0,1
294,Quintus,Potticary,Male,Senior Editor,41.18463,-8.598522,55111.06,4592.588216145833,0,1
295,Maureene,Prebble,Female,Geological Engineer,58.88826,45.709457,22658.32,1888.193359375,1,0
296,Carlie,Kingsley,Male,Food Chemist,-6.989299,107.39227,42176.07,3514.6725260416665,0,1
297,Marlie,Angelo,Female,Speech Pathologist,5.40004,-76.60003,21951.41,1829.2841796875,1,0
298,Vinny,Karim,Female,General Manager,-34.683903,-55.70961,44953.49,3746.1240234375,1,0
299,Alley,Brockington,Male,Community Outreach Specialist,40.254402,44.602776,74464.26,6205.354817708333,0,1
300,Lyon,Wickham,Male,Recruiting Manager,-8.391009,120.303185,31690.72,2640.8933919270835,0,1
301,Nita,Rustan,Female,Business Systems Development Analyst,34.275,133.75,55595.3,4632.941731770833,1,0
302,Adams,Hempel,Male,Data Coordiator,-7.0519443,110.74801,39141.71,3261.8092447916665,0,1
303,Kaela,Kingham,Female,Editor,-6.598,106.2248,79148.98,6595.748046875,1,0
304,Cameron,Quail,Male,Business Systems Development Analyst,32.53,-93.75,55344.46,4612.038411458333,0,1
305,Clemmie,Gaddas,Male,Administrative Assistant III,38.775417,-7.41612,44675.97,3722.9973958333335,0,1
306,Elonore,Hindhaugh,Female,Engineer IV,-8.152161,115.036705,57365.1,4780.425130208333,1,0
307,Kevon,MacAree,Male,Food Chemist,41.458126,-8.609912,27607.6,2300.63330078125,0,1
308,Arron,Filippucci,Male,Senior Quality Engineer,-24.607912,28.605497,74282.86,6190.23828125,0,1
309,Tiffie,Mauvin,Female,Statistician IV,43.616497,3.8308136,69062.63,5755.219401041667,1,0
310,Ronny,Tommeo,Female,Librarian,-7.083724,108.49289,52885.8,4407.150065104167,1,0
311,Anabella,Yitzovicz,Female,Account Representative II,48.956364,17.132967,41786.91,3482.2425130208335,1,0
312,Vannie,Jacox,Female,Teacher,64.87348,20.38452,63032.27,5252.689127604167,1,0
313,Francyne,Erley,Female,Automation Specialist II,14.011959,43.86732,38544.57,3212.0475260416665,1,0
314,Reece,Elcom,Male,Speech Pathologist,5.28058,115.238464,79300.59,6608.3828125,0,1
315,Lambert,Scotsbrook,Male,GIS Technical Architect,58.43468,58.26429,64250.26,5354.1884765625,0,1
316,Kiele,Guittet,Female,Operator,-8.1565485,-35.36857,22153.99,1846.1658528645833,1,0
317,Gaspar,Buttle,Male,Human Resources Manager,61.144573,23.798409,71013.56,5917.796875,0,1
318,Deni,Wicks,Female,Executive Secretary,-7.344552,112.60795,87771.84,7314.3203125,1,0
319,Clementius,McGinn,Male,Associate Professor,-8.213232,-71.38244,15800.06,1316.671630859375,0,1
320,Eugen,Dakin,Male,Geological Engineer,-13.49196,-76.16678,43872.69,3656.0576171875,0,1
321,Kalie,Stollenwerck,Female,Help Desk Operator,-6.9324985,106.92332,94061.57,7838.464192708333,1,0
322,Jory,Noone,Male,Help Desk Operator,38.818947,-77.059326,38887.62,3240.6350911458335,0,1
323,Cecilio,de Marco,Male,Office Assistant II,46.303932,29.240261,52742.61,4395.217447916667,0,1
324,Libbie,Greenhowe,Female,Administrative Assistant II,6.208781,-75.73294,89959.97,7496.6640625,1,0
325,Cole,Romney,Male,Physical Therapy Assistant,-37.786694,175.28227,50253.27,4187.7724609375,0,1
326,Humfried,Matas,Male,Software Engineer I,32.31876,118.93037,33361.56,2780.1298828125,0,1
327,Marilin,Bride,Female,Account Executive,-4.8919744,105.278,92048.68,7670.723307291667,1,0
328,Veradis,Churchman,Female,Social Worker,34.00469,36.21104,59975.62,4997.968424479167,1,0
329,Dene,Mould,Male,Research Associate,38.369186,141.0593,74112.07,6176.005859375,0,1
330,Dorian,Fishburn,Male,Sales Associate,10.31128,123.95176,47631.99,3969.3323567708335,0,1
331,Bartel,Burgill,Male,Staff Scientist,48.418022,23.737112,51590.58,4299.21484375,0,1
332,Freddy,Rosenwasser,Female,Database Administrator III,58.366955,45.541603,63188.65,5265.720703125,1,0
333,Elias,McLaren,Male,Business Systems Development Analyst,32.20427,35.13077,52017.77,4334.814127604167,0,1
334,Jared,McCluney,Male,Clinical Specialist,51.370483,22.34617,27445.93,2287.1608072916665,0,1
335,Dotti,Jenckes,Female,Director of Sales,14.762796,108.974,91952.93,7662.744140625,1,0
336,Karlis,Chamney,Male,Systems Administrator IV,8.039166,124.26862,76379.19,6364.932291666667,0,1
337,Arron,Isaaksohn,Male,Help Desk Technician,59.90805,31.07229,70980.13,5915.011067708333,0,1
338,Linus,Estcot,Male,VP Quality Control,43.494576,5.897802,10760.34,896.6949869791666,0,1
339,Theobald,Barrowcliffe,Male,Web Developer I,51.16796,19.488369,96055.81,8004.651041666667,0,1
340,Tamas,Roughan,Male,Structural Analysis Engineer,52.382748,1.580316,13833.3,1152.7749837239583,0,1
341,Bev,Denzilow,Female,Desktop Support Technician,23.156046,112.89661,16395.1,1366.25830078125,1,0
342,Colleen,Boone,Female,Compensation Analyst,-2.673867,139.77287,88156.0,7346.333333333333,1,0
343,Scottie,Ogelbe,Male,Actuary,14.733933,121.06882,88700.69,7391.723958333333,0,1
344,Janith,Arnaudon,Female,Technical Writer,0.5992059,34.779602,99368.55,8280.712239583334,1,0
345,Adela,Bohills,Female,Actuary,14.347522,120.92453,68018.33,5668.194010416667,1,0
346,Cris,Lindstrom,Male,VP Product Management,49.573013,22.06082,38098.5,3174.875,0,1
347,Allayne,Dooly,Male,Help Desk Operator,51.831543,38.139458,23794.18,1982.8483072916667,0,1
348,Rosita,Bartlett,Female,Technical Writer,32.171795,13.018413,98679.31,8223.276041666666,1,0
349,Mandi,Olivie,Female,Media Manager III,56.1722,93.64662,18453.02,1537.7516276041667,1,0
350,Cindi,Ralph,Female,Web Designer II,54.92665,60.761124,99142.94,8261.911458333334,1,0
351,Sascha,Matson,Male,Tax Accountant,-10.592804,121.829216,92313.86,7692.821614583333,0,1
352,Obie,Schoenrock,Male,Database Administrator II,3.1121428,101.693504,94743.26,7895.271484375,0,1
353,Florie,Dykas,Female,Software Consultant,4.940449,8.317343,30995.49,2582.95751953125,1,0
354,Ruddy,Yven,Male,Structural Analysis Engineer,34.888683,111.607285,86886.62,7240.551432291667,0,1
355,Paco,Haddrell,Male,Geological Engineer,13.521867,120.96179,57799.7,4816.6416015625,0,1
356,Clement,Goodrick,Male,Software Engineer II,42.9239,17.113007,74782.64,6231.88671875,0,1
357,Lauri,Beeston,Female,Human Resources Assistant III,59.370308,16.552998,39756.88,3313.0732421875,1,0
358,Angelina,Akram,Female,Software Test Engineer II,65.61367,22.109648,85459.88,7121.656901041667,1,0
359,Alyse,Meese,Female,Safety Technician IV,-3.232554,119.94849,23843.06,1986.9217122395833,1,0
360,Priscella,Zorro,Female,Quality Control Specialist,51.144886,20.186491,74150.98,6179.248046875,1,0
361,Cyndy,Lamperti,Female,Product Engineer,30.274084,120.15507,35707.31,2975.6090494791665,1,0
362,Lianne,Sommerly,Female,Software Test Engineer I,19.996937,42.22638,60641.75,5053.479166666667,1,0
363,Pavia,Brevetor,Female,Social Worker,26.5725,107.96552,88610.24,7384.186848958333,1,0
364,Jean,Gilcriest,Male,Mechanical Systems Engineer,3.1398296,101.68112,42634.28,3552.8567708333335,0,1
365,Bennett,Tettersell,Male,Sales Associate,-6.192143,106.8209,16025.66,1335.4716796875,0,1
366,Brantley,Fearneley,Male,Quality Control Specialist,34.563183,-4.965185,49494.99,4124.582356770833,0,1
367,Theressa,Fricke,Female,Social Worker,-34.711403,-58.383427,52271.73,4355.9775390625,1,0
368,Julieta,Denziloe,Female,Editor,29.474413,110.16647,94923.57,7910.297526041667,1,0
369,Siffre,Chatterton,Male,Professor,43.37655,17.231178,58200.36,4850.029947916667,0,1
370,Victor,Goodhew,Male,Editor,14.759632,121.05891,54163.63,4513.6357421875,0,1
371,Petronia,Trowill,Female,Health Coach II,-8.3932,114.8028,28327.81,2360.65087890625,1,0
372,Lyman,Burfitt,Male,Community Outreach Specialist,23.394325,110.07938,28755.53,2396.2941080729165,0,1
373,Rocky,McConway,Male,Sales Associate,27.440405,-82.58284,12246.73,1020.5608723958334,0,1
374,Amory,Houtbie,Male,Tax Accountant,60.584824,27.709593,55516.69,4626.390950520833,0,1
375,Marcellus,Northgraves,Male,Teacher,10.3166,123.90114,94615.48,7884.623046875,0,1
376,Kate,Ruffle,Female,Nurse Practicioner,-6.6641,111.5655,65823.54,5485.294921875,1,0
377,Noach,Golling,Male,Executive Secretary,32.5639,120.39677,72247.3,6020.608072916667,0,1
378,Dore,Drummer,Female,Clinical Specialist,14.540433,49.127197,12468.7,1039.058349609375,1,0
379,Leonardo,Lujan,Male,Account Executive,-8.242965,112.13408,60930.23,5077.519205729167,0,1
380,Erhard,Merwede,Male,Senior Cost Accountant,43.494576,5.897802,44940.2,3745.0166015625,0,1
381,Lulu,Culligan,Female,Tax Accountant,60.26808,29.7523,43503.56,3625.2965494791665,1,0
382,Abigail,Caple,Female,Internal Auditor,-9.6218,124.4923,70577.13,5881.427734375,1,0
383,Romonda,Kellert,Female,Health Coach II,-6.3624935,106.021194,90053.02,7504.418619791667,1,0
384,Erika,Fruish,Female,Associate Professor,29.528923,104.990105,91186.05,7598.837239583333,1,0
385,Harmonie,Portlock,Female,Graphic Designer,25.723244,-100.36714,83451.74,6954.311848958333,1,0
386,Eward,Trytsman,Male,Research Associate,41.40517,-8.746371,60601.43,5050.119140625,0,1
387,Torrey,Arnason,Male,Human Resources Assistant III,20.547945,-97.45132,41345.69,3445.4742838541665,0,1
388,Cornall,Kimbley,Male,Design Engineer,41.150307,-8.197896,95280.35,7940.029296875,0,1
389,Valentine,Leabeater,Female,Mechanical Systems Engineer,59.305485,18.002308,93673.24,7806.103515625,1,0
390,Arlin,Frayne,Male,Accountant III,40.0873,116.31098,10913.5,909.4583333333334,0,1
391,Verge,Hefferan,Male,Community Outreach Specialist,-17.091843,-71.77114,90391.71,7532.642578125,0,1
392,Jose,Adami,Male,Software Consultant,40.33195,-3.7686546,47121.28,3926.7734375,0,1
393,Michael,O'Quin,Male,Cost Accountant,49.567177,17.411482,42590.49,3549.2073567708335,0,1
394,Vera,Rosenbarg,Female,Research Assistant IV,51.003193,14.442367,49332.48,4111.0400390625,1,0
395,Libbey,Dillet,Female,Nuclear Power Engineer,-7.3505807,108.21716,65785.16,5482.096354166667,1,0
396,Zulema,Mulheron,Female,Geological Engineer,69.63186,18.9221,43382.6,3615.216796875,1,0
397,Artemus,Tregale,Male,Engineer I,38.822693,114.35056,13300.92,1108.4099934895833,0,1
398,Damian,Ferronel,Male,Product Engineer,44.972725,18.601166,63695.13,5307.927408854167,0,1
399,Silvester,Hasely,Male,Research Assistant II,13.943482,121.36913,75543.84,6295.3203125,0,1
400,Roselle,Spritt,Female,Quality Engineer,6.530155,-10.344175,90909.3,7575.774739583333,1,0
401,Roma,O'Shevlan,Male,Sales Associate,8.443012,-82.37773,89750.9,7479.241536458333,0,1
402,Avram,Extill,Male,Analog Circuit Design manager,50.596558,13.592975,35105.35,2925.4459635416665,0,1
403,Mandel,Bollen,Male,GIS Technical Architect,14.843126,120.86856,77809.51,6484.125651041667,0,1
404,Lennie,Scripps,Male,Executive Secretary,-38.00656,-57.575375,92340.93,7695.077473958333,0,1
405,Alasteir,Sotheby,Male,Analyst Programmer,-26.51578,29.191391,21326.73,1777.2275390625,0,1
406,Humfrid,Seppey,Male,Office Assistant IV,18.029453,33.991722,73827.85,6152.320963541667,0,1
407,Valeria,Gallichiccio,Female,Programmer Analyst IV,50.212414,36.159058,88029.11,7335.759114583333,1,0
408,Em,Matej,Female,Chemical Engineer,-29.852497,-51.184578,81976.73,6831.393880208333,1,0
409,Bliss,Balasin,Female,Financial Analyst,-14.217139,-71.43142,54906.22,4575.518229166667,1,0
410,Barney,Guerra,Male,Safety Technician IV,3.0100682,101.53268,49715.88,4142.989908854167,0,1
411,Ailina,Tripcony,Female,Executive Secretary,39.938084,116.31521,92187.97,7682.330729166667,1,0
412,Gram,Jaeggi,Male,Safety Technician II,-7.6155877,110.71671,42845.12,3570.4267578125,0,1
413,Sherrie,Siely,Female,Senior Cost Accountant,42.433853,68.812904,55981.21,4665.100911458333,1,0
414,Benoit,Oneal,Male,Programmer IV,31.768318,35.21371,71282.29,5940.190755208333,0,1
415,Yul,Wombwell,Male,Nuclear Power Engineer,46.045742,14.841005,35287.31,2940.6090494791665,0,1
416,Birch,Foltin,Male,Chief Design Engineer,50.53457,14.539722,28119.28,2343.2732747395835,0,1
417,Diann,Scough,Female,Social Worker,22.769444,113.621666,30786.34,2565.5283203125,1,0
418,Nils,Perago,Male,Occupational Therapist,10.258168,105.27215,36160.91,3013.4091796875,0,1
419,Charita,McGrath,Female,Structural Analysis Engineer,3.185269,-74.920876,74605.33,6217.110677083333,1,0
420,Tabbatha,Du Hamel,Female,Research Assistant III,38.53701,140.85446,78954.92,6579.576822916667,1,0
421,Emmett,Ellingford,Male,Automation Specialist IV,51.16102,17.904583,90030.35,7502.529296875,0,1
422,Giuditta,Thundercliffe,Female,Geological Engineer,39.983112,-75.11504,83766.35,6980.529296875,1,0
423,Concordia,Blay,Female,Nurse Practicioner,-20.842005,-40.73572,91322.55,7610.212239583333,1,0
424,Rustie,Wilshin,Male,Product Engineer,27.992601,69.31624,43405.41,3617.1175130208335,0,1
425,Tandie,Bootman,Female,Director of Sales,10.108752,123.271065,23657.92,1971.4933268229167,1,0
426,Dodi,Shaudfurth,Female,Research Assistant II,18.067518,-63.082466,51961.98,4330.1650390625,1,0
427,Haskell,Hebdon,Male,Senior Cost Accountant,40.40926,49.867092,66825.3,5568.774739583333,0,1
428,Pernell,Fossitt,Male,Graphic Designer,40.401047,117.9989,36927.53,3077.2942708333335,0,1
429,Alessandro,Shearer,Male,VP Sales,-8.12334,115.338936,51979.53,4331.627604166667,0,1
430,Terence,Burrage,Male,Payment Adjustment Coordinator,-7.1582623,107.92355,54164.41,4513.700846354167,0,1
431,Johnathan,Spriggin,Male,Senior Financial Analyst,32.03213,35.14844,78187.65,6515.637369791667,0,1
432,Christos,Runsey,Male,Web Designer IV,-18.207453,-65.1848,63039.21,5253.267578125,0,1
433,Ezri,Greensite,Male,Technical Writer,2.7239833,101.94765,20966.22,1747.18505859375,0,1
434,Quintus,Baumert,Male,Assistant Professor,45.20759,20.85073,59318.89,4943.240885416667,0,1
435,Meghann,Danskine,Female,Desktop Support Technician,37.90889,126.16111,98628.61,8219.05078125,1,0
436,Lois,Barkley,Female,General Manager,15.589145,-61.353104,19180.79,1598.3990885416667,1,0
437,Shel,Cudby,Female,Statistician IV,-7.898852,111.9284,59886.05,4990.504231770833,1,0
438,Viviene,Bednell,Female,Administrative Assistant III,31.658482,-6.410398,29107.0,2425.5833333333335,1,0
439,Ulric,Burril,Male,Research Associate,32.17842,35.21569,42951.88,3579.3232421875,0,1
440,Blondie,Ayree,Female,Assistant Manager,38.35427,22.908577,34210.42,2850.8684895833335,1,0
441,Garrek,Writer,Male,Payment Adjustment Coordinator,52.088264,21.156578,27826.18,2318.8483072916665,0,1
442,Tyne,de Marco,Female,Research Nurse,14.41667,-91.16667,31349.45,2612.4541015625,1,0
443,Romona,Ruoff,Female,Human Resources Assistant I,46.66699,3.590421,62929.67,5244.139322916667,1,0
444,Theda,Elcoux,Female,Editor,-8.64177,126.3796,84589.36,7049.11328125,1,0
445,Noak,Valadez,Male,Accountant III,-22.863192,-43.77791,28301.3,2358.4417317708335,0,1
446,Boot,Frankish,Male,Geologist II,-10.2322,123.9182,38597.39,3216.44921875,0,1
447,Imojean,Capper,Female,Account Representative I,21.149477,-100.95668,66461.71,5538.475911458333,1,0
448,Lester,Langthorne,Male,Junior Executive,40.142128,94.661964,34173.94,2847.8284505208335,0,1
449,Catrina,Swedeland,Female,VP Sales,29.561775,106.56897,17017.1,1418.0916341145833,1,0
450,Lettie,Rhead,Female,Sales Associate,38.4141,-28.33911,83137.24,6928.103515625,1,0
451,Liesa,Forsyde,Female,Nurse,40.268356,22.462448,90634.78,7552.8984375,1,0
452,Rutger,Kirman,Male,Database Administrator I,45.485245,64.08186,74509.57,6209.130859375,0,1
453,Christian,Bettaney,Female,Chief Design Engineer,46.296173,14.806234,39274.72,3272.8932291666665,1,0
454,Shanan,Baudasso,Male,Tax Accountant,49.64289,100.17719,77940.08,6495.006510416667,0,1
455,Ethan,D'Orsay,Male,Social Worker,54.40007,-116.80238,98138.0,8178.166666666667,0,1
456,Garner,Stern,Male,Desktop Support Technician,-7.3897543,108.86406,96462.59,8038.549479166667,0,1
457,Hussein,Pocknell,Male,Tax Accountant,-6.563316,106.12869,56496.75,4708.0625,0,1
458,Sandra,Hegley,Female,Social Worker,-2.301947,-65.000854,57631.19,4802.599283854167,1,0
459,Olimpia,Farge,Female,Professor,46.57346,15.612525,34518.87,2876.5725911458335,1,0
460,Valeda,Garvey,Female,Product Engineer,-8.784797,115.193565,94301.47,7858.455729166667,1,0
461,Romy,Boyne,Female,Associate Professor,50.574097,22.16237,31466.58,2622.2150065104165,1,0
462,Randene,Eisikowitz,Female,Account Executive,-6.9424925,111.520004,91694.79,7641.232421875,1,0
463,Margot,Swafield,Female,VP Product Management,-6.2074294,106.891594,11617.51,968.1258138020834,1,0
464,Nichols,Sailer,Male,Media Manager II,-6.30345,106.45636,69188.23,5765.685546875,0,1
465,Cassaundra,Chismon,Female,Chemical Engineer,55.678204,12.572069,37744.72,3145.3932291666665,1,0
466,Matthiew,Bateup,Male,Systems Administrator IV,-10.687233,-37.432934,99502.16,8291.846354166666,0,1
467,Sonnnie,Dayment,Female,VP Marketing,-27.870682,-54.480156,47887.07,3990.5891927083335,1,0
468,Ruddie,Durant,Male,Cost Accountant,-8.805679,121.72524,19122.99,1593.58251953125,0,1
469,Rubetta,Winham,Female,Systems Administrator I,-6.984842,-79.62112,89665.39,7472.115885416667,1,0
470,Abey,Mesant,Male,Sales Associate,44.216785,40.842213,74236.08,6186.33984375,0,1
471,Noby,Dawney,Male,Senior Financial Analyst,-8.496682,118.75187,52353.22,4362.768229166667,0,1
472,Carolin,Huckleby,Female,Registered Nurse,50.957573,15.738457,55817.05,4651.4208984375,1,0
473,Orsa,O' Dornan,Female,Biostatistician III,-34.604576,-58.379993,63690.18,5307.514973958333,1,0
474,Tiffanie,Fydo,Female,Nuclear Power Engineer,39.34429,-8.953459,57323.43,4776.952473958333,1,0
475,Lucie,Middlemiss,Female,Quality Control Specialist,59.50432,15.042181,71668.52,5972.376953125,1,0
476,Pearline,Reeds,Female,Financial Analyst,42.260963,19.535982,29234.66,2436.2216796875,1,0
477,Gelya,McGreay,Female,VP Sales,33.505154,112.42301,84407.05,7033.920572916667,1,0
478,Neille,Glendza,Female,Senior Editor,57.9259,59.970318,17541.84,1461.8199869791667,1,0
479,Karlie,Pietzner,Female,Junior Executive,60.698586,17.11278,94513.32,7876.110026041667,1,0
480,Roma,Jzak,Male,Librarian,19.410254,-99.00737,82380.59,6865.049479166667,0,1
481,Wiley,Jenman,Male,Programmer III,56.48442,84.95039,16504.22,1375.3517252604167,0,1
482,Bettine,McGilben,Female,Marketing Manager,-10.168326,31.348444,80418.26,6701.521484375,1,0
483,Coreen,Sutherden,Female,Statistician IV,-2.5394654,112.95869,39343.31,3278.6090494791665,1,0
484,Kristen,Romanski,Female,Administrative Assistant II,34.00469,36.21104,47529.18,3960.7649739583335,1,0
485,Carola,Himsworth,Female,Senior Quality Engineer,57.6194,34.40988,54941.78,4578.481770833333,1,0
486,Adel,Callacher,Female,Analyst Programmer,32.08493,34.835224,74349.58,6195.798177083333,1,0
487,Basile,Efford,Male,Software Engineer III,33.8788,10.850791,79870.4,6655.866536458333,0,1
488,Dennison,Willoway,Male,Nurse Practicioner,15.374545,102.18614,11630.95,969.245849609375,0,1
489,Wadsworth,Somes,Male,Environmental Specialist,13.131453,102.21048,69526.23,5793.852213541667,0,1
490,Griselda,Sainte Paul,Female,Accounting Assistant III,43.691162,-79.84088,91924.47,7660.372395833333,1,0
491,Blaire,Abbot,Female,Nuclear Power Engineer,41.09099,-8.4901285,20823.72,1735.31005859375,1,0
492,Elly,Livermore,Female,VP Sales,-7.2953033,107.07166,93689.45,7807.454427083333,1,0
493,Angel,Robrose,Male,Research Associate,-6.294813,106.72051,99013.71,8251.142578125,0,1
494,Danni,Bonellie,Female,Legal Assistant,4.752409,-55.02729,48210.95,4017.5791015625,1,0
495,Georgine,Farrier,Female,Engineer III,13.360055,100.98493,69145.89,5762.157552083333,1,0
496,Johann,Foxon,Male,Associate Professor,14.634726,121.01122,99421.34,8285.111979166666,0,1
497,Dill,Rupel,Male,Business Systems Development Analyst,67.671005,53.107834,21311.74,1775.9783528645833,0,1
498,Bendite,Janew,Female,Marketing Assistant,38.273926,15.556231,69814.2,5817.850260416667,1,0
499,Bogart,Tearny,Male,Sales Representative,50.023144,14.414273,60052.7,5004.3916015625,0,1
500,Byrle,Achromov,Male,Mechanical Systems Engineer,43.227055,22.030945,58431.91,4869.325846354167,0,1
501,Almeria,Turbern,Female,Structural Engineer,-34.667282,-58.61622,86294.59,7191.216145833333,1,0
502,Tova,Klauer,Female,Staff Accountant II,35.37402,36.601295,58421.33,4868.444010416667,1,0
503,Michal,Blader,Female,Clinical Specialist,50.667397,3.075179,21873.71,1822.8092447916667,1,0
504,Cherin,Calverd,Female,Geological Engineer,-10.585266,-75.405334,52047.2,4337.2666015625,1,0
505,Woodrow,De Beneditti,Male,Geological Engineer,13.425452,99.95908,76400.89,6366.740885416667,0,1
506,Vivia,Bhar,Female,Assistant Media Planner,34.72661,135.61961,93177.79,7764.815755208333,1,0
507,Ambrosius,Scarlan,Male,Graphic Designer,30.585972,114.26895,58076.49,4839.707356770833,0,1
508,Sebastian,Skipping,Male,Media Manager II,-7.0638,113.5187,61203.01,5100.2509765625,0,1
509,Briggs,Finlaison,Male,Internal Auditor,38.17317,20.489973,12281.2,1023.433349609375,0,1
510,Terrill,Bleackley,Male,Office Assistant IV,32.832584,-96.79759,19771.76,1647.6466471354167,0,1
511,Caye,Goulder,Female,Web Designer IV,36.45962,10.783083,21108.23,1759.0192057291667,1,0
512,Corny,Nickless,Male,Chemical Engineer,64.31961,29.093225,52068.97,4339.080729166667,0,1
513,Cherry,Eouzan,Female,Automation Specialist I,37.305107,136.74934,79717.86,6643.154947916667,1,0
514,Abbot,Spaice,Male,Speech Pathologist,40.657978,109.84032,22066.55,1838.8792317708333,0,1
515,Augusto,Fust,Male,Paralegal,-6.4930096,106.38759,46117.52,3843.1266276041665,0,1
516,Kessia,Brambley,Female,Mechanical Systems Engineer,49.869118,15.580029,92915.36,7742.946614583333,1,0
517,Scarface,Elsmere,Male,Civil Engineer,-32.937798,-60.696106,28421.01,2368.41748046875,0,1
518,Etty,Bradlaugh,Female,Professor,5.4459386,10.047154,39262.96,3271.9134114583335,1,0
519,Marchall,Gaskal,Male,Research Assistant II,14.64239,120.957565,40183.5,3348.625,0,1
520,Lauretta,Seeborne,Female,Developer IV,48.849396,2.4751086,23725.49,1977.1241861979167,1,0
521,Joell,Stubs,Female,Administrative Officer,14.566538,121.10922,29599.58,2466.6316731770835,1,0
522,Waylon,Peart,Male,Business Systems Development Analyst,60.139153,-45.241966,33966.41,2830.5341796875,0,1
523,Lise,Bigmore,Female,Programmer IV,31.031384,118.71228,39072.92,3256.0768229166665,1,0
524,Ofilia,Gilhespy,Female,Computer Systems Analyst I,28.721764,108.38986,11950.08,995.8400065104166,1,0
525,Terry,Layton,Female,Dental Hygienist,13.5433,-89.03824,10808.16,900.6800130208334,1,0
526,Garfield,Benadette,Male,Marketing Manager,28.651703,117.90413,56867.78,4738.981770833333,0,1
527,Anthea,Levington,Female,Account Coordinator,35.547333,112.901436,21091.8,1757.6500651041667,1,0
528,Nigel,Steptoe,Male,Automation Specialist I,-1.2834307,29.690475,54239.27,4519.939127604167,0,1
529,Frederic,Shortland,Male,Budget/Accounting Analyst III,62.250095,25.18352,71207.9,5933.991536458333,0,1
530,Tanitansy,Lacer,Female,Programmer I,10.354732,124.9703,84727.61,7060.634114583333,1,0
531,Trudie,Norfolk,Female,Professor,32.536274,-116.935356,11223.75,935.3125,1,0
532,Sutherland,Pancost,Male,Senior Cost Accountant,-7.3506494,107.83173,78615.1,6551.258463541667,0,1
533,Bertrando,Bockh,Male,Payment Adjustment Coordinator,49.18945,-0.804935,62022.92,5168.576822916667,0,1
534,Albie,Kettell,Male,VP Sales,-4.0003104,35.778496,45042.14,3753.51171875,0,1
535,Vivien,Biggerdike,Female,Biostatistician II,-34.593952,-58.57697,80058.43,6671.535807291667,1,0
536,Berk,Jimpson,Male,VP Sales,13.801812,8.98527,99222.84,8268.5703125,0,1
537,Kevina,Linkleter,Female,Senior Developer,-8.18746,15.374597,12872.85,1072.7374674479167,1,0
538,Marcellina,Samarth,Female,Web Developer II,12.273263,-16.166916,13772.82,1147.7350260416667,1,0
539,Elianora,Lunge,Female,Dental Hygienist,31.689175,-4.9574947,24385.61,2032.1341145833333,1,0
540,Eugene,Cayle,Male,Budget/Accounting Analyst III,30.736162,72.66618,46879.33,3906.6106770833335,0,1
541,Mose,Beardon,Male,Quality Control Specialist,37.38198,117.970695,79866.89,6655.57421875,0,1
542,Tracie,Touhig,Male,Software Consultant,26.511456,-80.10936,72537.71,6044.809244791667,0,1
543,Isidor,Bugbee,Male,Operator,41.028538,72.73927,83598.0,6966.5,0,1
544,Lark,Hambidge,Female,Chemical Engineer,12.449229,98.62706,28860.81,2405.0675455729165,1,0
545,Ruby,Fritche,Female,Chemical Engineer,54.89624,59.858624,82739.44,6894.953125,1,0
546,Hasheem,Scare,Male,Quality Engineer,16.07177,108.15038,94017.15,7834.762369791667,0,1
547,Adena,Halliday,Female,Professor,64.76332,21.063148,54621.01,4551.7509765625,1,0
548,Bartolomeo,Hackly,Male,Account Executive,37.10538,116.69436,57804.08,4817.006510416667,0,1
549,Petrina,Linacre,Female,Programmer I,23.241028,-106.39495,34644.59,2887.0491536458335,1,0
550,Celie,Frossell,Female,Executive Secretary,14.671061,102.02614,52647.18,4387.264973958333,1,0
551,Hillyer,Stych,Male,Systems Administrator IV,48.930866,6.037629,88624.97,7385.4140625,0,1
552,Ricky,Hallawell,Male,Staff Scientist,43.113598,-79.21692,19832.05,1652.6708984375,0,1
553,Lauri,Denisovich,Female,Geological Engineer,44.24522,43.088066,73810.37,6150.863932291667,1,0
554,Walliw,Frostdick,Female,Financial Analyst,49.147896,14.175131,64781.29,5398.440755208333,1,0
555,Blondy,Tsar,Female,Financial Analyst,-9.5128,120.1979,26980.55,2248.3792317708335,1,0
556,Denice,Darrow,Female,Software Test Engineer II,49.09657,-117.71173,24315.72,2026.31005859375,1,0
557,Dun,Smaling,Male,Geologist III,-16.280321,27.473257,17134.96,1427.9134114583333,0,1
558,Padraig,Goadbie,Male,General Manager,40.767544,114.88634,36208.18,3017.3483072916665,0,1
559,Davin,Steinor,Male,Analyst Programmer,-6.611144,106.847336,52745.59,4395.4658203125,0,1
560,Nichole,Grafton,Female,Automation Specialist III,40.03957,65.96904,17163.53,1430.2941080729167,1,0
561,Eveleen,Johansen,Female,Operator,38.416664,112.73418,81861.88,6821.823567708333,1,0
562,Dulci,L'Amie,Female,Mechanical Systems Engineer,23.421724,117.02338,95218.39,7934.865885416667,1,0
563,Bowie,Biasotti,Male,Office Assistant II,14.573242,121.02097,82146.31,6845.526041666667,0,1
564,Andra,Ambrozewicz,Female,Chemical Engineer,43.81707,125.32355,45824.56,3818.7132161458335,1,0
565,Tobe,Lago,Female,Librarian,37.152576,-7.8890524,96823.13,8068.594401041667,1,0
566,Saundra,Comellini,Male,Geological Engineer,55.7539,37.645134,94839.56,7903.296875,0,1
567,Cozmo,Croan,Male,Health Coach I,34.30618,-2.1794136,60656.25,5054.6875,0,1
568,Danette,Harrie,Female,Assistant Media Planner,-23.818285,-46.085167,28885.49,2407.1241861979165,1,0
569,Valma,Bratton,Female,Web Developer II,35.449905,133.76134,32665.89,2722.1575520833335,1,0
570,Joella,Boule,Female,Staff Accountant IV,62.009644,-6.771655,60651.48,5054.2900390625,1,0
571,Moreen,Schubart,Female,Legal Assistant,7.024197,79.90204,48376.42,4031.3684895833335,1,0
572,Loreen,Garham,Female,VP Product Management,43.351482,77.46007,92021.14,7668.428385416667,1,0
573,Ulrica,Rosas,Female,Recruiter,25.748009,104.51807,35165.42,2930.4518229166665,1,0
574,Hildagarde,Mocquer,Female,Human Resources Manager,23.732107,-103.98327,71329.0,5944.083333333333,1,0
575,Richie,Hellicar,Male,Developer IV,33.13782,111.49097,40279.59,3356.6324869791665,0,1
576,Sammy,Desesquelle,Male,Web Developer IV,50.537216,15.231116,64010.64,5334.220052083333,0,1
577,Lance,Sottell,Male,Civil Engineer,12.309606,121.92404,19025.72,1585.4767252604167,0,1
578,Mignon,Debnam,Female,Social Worker,-10.789321,-65.33011,81607.74,6800.645182291667,1,0
579,Valentine,Goose,Male,Junior Executive,59.42139,17.859077,50645.5,4220.458333333333,0,1
580,Gerrie,Sackey,Female,Engineer III,-31.730595,-65.006096,62252.36,5187.696614583333,1,0
581,Sigmund,Dunsmuir,Male,Dental Hygienist,44.865715,16.853785,68541.99,5711.832682291667,0,1
582,Ramsay,Milam,Male,VP Product Management,32.27465,35.896076,10210.85,850.9041341145834,0,1
583,Helena,Rubert,Female,Pharmacist,-7.042556,110.50963,68556.69,5713.057291666667,1,0
584,Rollie,Kennler,Male,Operator,41.52172,-8.457442,35409.58,2950.7981770833335,0,1
585,Janith,Hanse,Female,Teacher,51.85302,4.6175275,59588.41,4965.700846354167,1,0
586,Emery,Suermeier,Male,Geological Engineer,44.872658,18.810627,23825.54,1985.4615885416667,0,1
587,Amery,Dodman,Male,VP Product Management,50.186054,20.598198,35960.89,2996.7408854166665,0,1
588,Erminia,Crownshaw,Female,Nuclear Power Engineer,16.06145,44.81012,62467.78,5205.6484375,1,0
589,Bari,Stroton,Female,Legal Assistant,-9.002054,125.64782,73369.73,6114.143880208333,1,0
590,Guinna,Silson,Female,Technical Writer,36.73332,9.184367,57282.74,4773.5615234375,1,0
591,Mallorie,Kairns,Female,Nurse Practicioner,57.492428,12.647519,76849.72,6404.143229166667,1,0
592,Rene,Gentiry,Female,Structural Analysis Engineer,62.541245,113.996,68196.87,5683.072265625,1,0
593,Mattheus,Copas,Male,Civil Engineer,19.293316,-70.25835,26604.38,2217.03173828125,0,1
594,Abagail,Franklin,Female,Account Coordinator,29.162252,119.729416,67073.36,5589.446614583333,1,0
595,Holden,Largent,Male,Payment Adjustment Coordinator,39.9811,116.42172,17529.32,1460.7766927083333,0,1
596,Ingeborg,Paxforde,Female,Automation Specialist IV,53.30049,-6.2634597,26979.66,2248.3050130208335,1,0
597,Hamlen,Boule,Male,Sales Associate,-17.964678,-67.10603,31940.48,2661.7067057291665,0,1
598,Nicola,Fawdery,Male,Software Engineer III,-24.728909,-53.736584,14761.91,1230.1591796875,0,1
599,Jammal,Neumann,Male,Systems Administrator I,-14.118736,-72.247574,42662.24,3555.1865234375,0,1
600,Paulie,Sackes,Male,Desktop Support Technician,50.642933,13.994445,41614.35,3467.8626302083335,0,1
601,Wolf,Brownlea,Male,Software Consultant,15.317861,-91.631775,94080.08,7840.006510416667,0,1
602,Audi,Cloonan,Female,GIS Technical Architect,49.470284,22.4,47953.6,3996.1334635416665,1,0
603,Garey,Solomon,Male,Senior Sales Associate,50.317192,2.801236,55082.75,4590.229166666667,0,1
604,Sherry,Somner,Female,Budget/Accounting Analyst III,51.79909,124.537674,34888.7,2907.3916015625,1,0
605,Deedee,Trippick,Female,Director of Sales,-37.806072,-72.703804,43413.15,3617.7623697916665,1,0
606,Aveline,Gossington,Female,Assistant Media Planner,18.055958,106.29929,42930.18,3577.5149739583335,1,0
607,Carilyn,Castanyer,Female,Programmer I,64.06623,27.584671,20224.84,1685.4033203125,1,0
608,Joshia,McDiarmid,Male,Legal Assistant,-6.7497764,111.67129,11652.99,971.08251953125,0,1
609,Roscoe,Utridge,Male,Mechanical Systems Engineer,3.1523104,101.717834,79030.6,6585.883463541667,0,1
610,Waylen,O' Clovan,Male,Marketing Manager,40.91095,49.072926,73169.48,6097.456380208333,0,1
611,Ileane,Tolliday,Female,Programmer II,48.908974,2.3011787,26236.0,2186.3333333333335,1,0
612,Fee,Pavyer,Male,Project Manager,42.61667,25.4,80257.9,6688.158203125,0,1
613,Inessa,Florence,Female,Business Systems Development Analyst,51.883,4.3577,59352.02,4946.001627604167,1,0
614,Bond,Strathe,Male,Professor,38.10317,114.04581,97359.14,8113.26171875,0,1
615,Frasquito,Hampton,Male,Teacher,14.592558,121.02276,72072.93,6006.077473958333,0,1
616,Dale,Walthall,Female,Environmental Tech,52.19512,20.88379,11014.99,917.9158528645834,1,0
617,Mollie,Mainson,Female,Administrative Assistant III,60.741283,56.72403,20545.15,1712.0958658854167,1,0
618,Isidoro,Gussie,Male,Administrative Assistant I,43.491432,5.370721,65910.31,5492.526041666667,0,1
619,Derby,Mingard,Male,Design Engineer,46.10986,-71.298325,93073.45,7756.12109375,0,1
620,Hamil,Eyckelbeck,Male,Database Administrator I,29.184942,105.05595,10101.92,841.82666015625,0,1
621,Gussy,Nast,Female,Legal Assistant,48.691082,2.3741324,98177.48,8181.456380208333,1,0
622,Julita,Gabbatiss,Female,Environmental Tech,54.38866,-1.555363,71226.89,5935.57421875,1,0
623,Emlyn,Carnegy,Male,Executive Secretary,24.622425,113.99676,69273.32,5772.776692708333,0,1
624,Esdras,Trangmar,Male,Computer Systems Analyst II,43.686535,43.519264,93275.42,7772.951822916667,0,1
625,Adriaens,Spybey,Female,Clinical Specialist,33.672256,-4.6308303,73737.72,6144.809895833333,1,0
626,Marve,Hanning,Male,Electrical Engineer,22.75839,108.487366,90015.87,7501.322265625,0,1
627,Cherianne,Zoppo,Female,Nuclear Power Engineer,45.36655,-73.971344,73521.65,6126.804036458333,1,0
628,Barron,Fogel,Male,Structural Engineer,54.755657,38.886993,63668.34,5305.694986979167,0,1
629,Eamon,Marty,Male,Nurse Practicioner,12.041981,13.917299,39694.92,3307.91015625,0,1
630,Patten,Nann,Male,Senior Sales Associate,49.36968,22.4212,98086.05,8173.837239583333,0,1
631,Barbi,Salmons,Female,Developer IV,-11.3827,-75.75604,18561.11,1546.7591145833333,1,0
632,Georgetta,Scothron,Female,Recruiter,43.31536,129.76788,81269.31,6772.442708333333,1,0
633,Bryanty,Mechi,Male,Registered Nurse,-12.268465,-41.56124,82493.92,6874.493489583333,0,1
634,Dore,Cutforth,Female,Occupational Therapist,2.828972,-75.830154,28989.67,2415.8058268229165,1,0
635,Aggi,O'Regan,Female,Community Outreach Specialist,-17.091843,-71.77114,11077.08,923.0900065104166,1,0
636,Tadeas,Riley,Male,Statistician II,37.176483,-8.201073,44332.94,3694.4117838541665,0,1
637,Fremont,Mancktelow,Male,Graphic Designer,3.8366437,-75.22457,55226.87,4602.2392578125,0,1
638,Petronella,Fitzackerley,Female,Payment Adjustment Coordinator,-14.68055,-69.53488,63400.62,5283.385091145833,1,0
639,Claretta,Millyard,Female,Structural Engineer,50.262054,22.421082,90527.22,7543.934895833333,1,0
640,Abelard,Fawbert,Male,Marketing Manager,-6.888394,112.330795,84911.09,7075.924479166667,0,1
641,Gannon,Heinreich,Male,Analog Circuit Design manager,0.919645,-77.56714,88032.41,7336.033854166667,0,1
642,Niki,Semple,Female,General Manager,11.032811,106.36457,43661.86,3638.48828125,1,0
643,Romola,Poulett,Female,Senior Developer,40.49357,46.07175,93279.13,7773.261067708333,1,0
644,Minnaminnie,Mallia,Female,Nurse,-14.98306,-73.84116,70794.32,5899.526692708333,1,0
645,Che,Garfirth,Male,Developer III,58.142044,28.203342,57257.03,4771.419270833333,0,1
646,Anson,Longcaster,Male,Assistant Media Planner,-0.6256517,100.12334,80054.19,6671.182291666667,0,1
647,Reid,Lazare,Male,Dental Hygienist,49.693367,14.009588,28882.97,2406.9142252604165,0,1
648,Quincey,Setch,Male,Information Systems Manager,41.260094,-8.280382,53975.7,4497.974934895833,0,1
649,Nobe,Troni,Male,Electrical Engineer,-6.18082,106.11987,62347.03,5195.5859375,0,1
650,Esra,Tilston,Male,Food Chemist,47.163403,33.936646,66552.32,5546.026692708333,0,1
651,Maye,Waycot,Female,Librarian,57.492428,12.647519,61211.56,5100.963216145833,1,0
652,Chancey,Vass,Male,Help Desk Technician,39.754185,-8.923225,42110.03,3509.1692708333335,0,1
653,Kalil,Irce,Male,Account Coordinator,60.00976,30.326212,23317.59,1943.1324869791667,0,1
654,Herrick,Singers,Male,Help Desk Operator,5.709563,-77.26669,46405.25,3867.1041666666665,0,1
655,Alphard,Sidey,Male,Clinical Specialist,37.36524,120.44763,94883.85,7906.987630208333,0,1
656,Kacie,Leatherborrow,Female,Recruiter,-12.0950165,-77.026695,61462.01,5121.834309895833,1,0
657,Dewitt,O'Hdirscoll,Male,Software Test Engineer I,33.76546,-84.38709,25929.93,2160.8274739583335,0,1
658,Trenna,Kilgrew,Female,Project Manager,14.548273,-89.661835,87266.77,7272.231119791667,1,0
659,Crosby,Sneezum,Male,VP Accounting,-2.8670032,30.532227,90470.18,7539.181640625,0,1
660,Betta,Francke,Female,Information Systems Manager,44.90422,78.21665,34294.61,2857.8841145833335,1,0
661,Emmett,Robertson,Male,Administrative Officer,3.9671435,103.40391,66460.27,5538.356119791667,0,1
662,Gui,Liptrod,Female,Structural Engineer,25.683344,89.03705,85368.52,7114.043619791667,1,0
663,Emalia,Bernardy,Female,Analog Circuit Design manager,-6.4031324,107.45526,64106.41,5342.200846354167,1,0
664,Raoul,Milmore,Male,Structural Engineer,41.400352,-8.51162,92500.96,7708.413411458333,0,1
665,Dusty,Blown,Female,Executive Secretary,35.72204,139.93814,52024.12,4335.343424479167,1,0
666,Kara-lynn,Baert,Female,Senior Financial Analyst,15.441896,-61.258335,35523.37,2960.2809244791665,1,0
667,Gardie,Cordon,Male,Technical Writer,45.145294,18.936253,60304.29,5025.357421875,0,1
668,Saudra,McAlister,Female,Sales Representative,59.4135,17.919434,96192.4,8016.033203125,1,0
669,Lindsay,Currington,Female,Legal Assistant,-11.918762,-75.31498,11824.52,985.3766276041666,1,0
670,Phineas,Petrelluzzi,Male,Financial Analyst,26.05547,119.2394,74106.14,6175.51171875,0,1
671,Gaye,Holley,Female,Environmental Specialist,-4.087067,-43.71425,59550.4,4962.533203125,1,0
672,Sarge,Mathwin,Male,Nuclear Power Engineer,-11.24674,-76.6616,74364.11,6197.009114583333,0,1
673,Reinaldo,Wiles,Male,Human Resources Manager,56.476814,36.575226,41604.67,3467.0559895833335,0,1
674,Colman,Carpe,Male,Tax Accountant,13.453592,44.18389,70973.35,5914.445963541667,0,1
675,Jillayne,Abbyss,Female,Geological Engineer,59.93744,10.716005,52060.2,4338.349934895833,1,0
676,Shawnee,Bernat,Female,Developer IV,-6.9569955,112.5409,19941.03,1661.75244140625,1,0
677,Candida,Halversen,Female,Mechanical Systems Engineer,22.613405,113.19087,94642.39,7886.865885416667,1,0
678,Brian,Ervine,Male,Media Manager III,12.339029,-83.674736,52145.76,4345.480143229167,0,1
679,Nicoline,Wherrett,Female,Nurse,27.318851,115.44432,86347.6,7195.633463541667,1,0
680,Olenolin,Browncey,Male,Account Representative III,49.20603,15.5182,22420.71,1868.392578125,0,1
681,Jo-anne,Lomb,Female,Web Designer I,40.076763,113.30013,64774.9,5397.908203125,1,0
682,Sharron,Dominey,Female,Teacher,-24.693048,44.74518,95283.97,7940.330729166667,1,0
683,Morrie,Chaffin,Male,Teacher,31.305222,30.299236,27630.75,2302.5625,0,1
684,Matthew,Askin,Male,Quality Control Specialist,30.67705,120.61858,11224.17,935.3474934895834,0,1
685,Florrie,Hodgets,Female,Editor,10.90354,123.0597,43927.5,3660.625,1,0
686,Christye,Gudge,Female,Nuclear Power Engineer,43.735664,17.831709,88810.46,7400.871744791667,1,0
687,Cobb,Ferrettino,Male,Environmental Tech,-6.6763887,108.52702,22820.25,1901.6875,0,1
688,Tessi,McJarrow,Female,Human Resources Manager,-23.994911,-46.256874,21176.64,1764.7200520833333,1,0
689,Colene,Swateridge,Female,Assistant Media Planner,23.39417,116.71646,81950.88,6829.240234375,1,0
690,Carroll,Bolduc,Male,Civil Engineer,52.64724,5.057044,14724.4,1227.0333658854167,0,1
691,Helyn,Fratson,Female,Software Consultant,60.19418,24.93914,16687.1,1390.5916341145833,1,0
692,Fawn,Bixley,Female,Developer II,39.975986,-75.25374,28222.83,2351.9025065104165,1,0
693,Danella,Sarsons,Female,Budget/Accounting Analyst I,48.01478,15.229975,89421.01,7451.750651041667,1,0
694,Olivier,Stanlick,Male,Design Engineer,23.701262,117.43006,74449.57,6204.130859375,0,1
695,Papagena,Pretsel,Female,Quality Control Specialist,38.57797,140.82256,59339.32,4944.943359375,1,0
696,Ivett,Leggitt,Female,Analyst Programmer,36.40912,10.142317,32654.48,2721.2067057291665,1,0
697,Olympe,Brazelton,Female,Automation Specialist III,27.836155,121.15725,72644.74,6053.728515625,1,0
698,Nike,Matula,Female,Product Engineer,-7.1045437,107.89616,97140.86,8095.071614583333,1,0
699,Winonah,Merryweather,Female,Structural Analysis Engineer,-7.265261,109.3575,63733.05,5311.087565104167,1,0
700,Charmane,Hatchard,Female,VP Sales,30.365976,50.79363,77957.24,6496.436848958333,1,0
701,Nickolaus,Dew,Male,General Manager,51.098125,66.31654,18182.91,1515.2425130208333,0,1
702,Andonis,Tollet,Male,Environmental Tech,37.134792,-8.535136,90193.56,7516.130208333333,0,1
703,Lia,Denney,Female,GIS Technical Architect,47.016506,-68.143005,81081.04,6756.753255208333,1,0
704,Imogen,Steuhlmeyer,Female,Social Worker,39.81889,117.42361,78268.32,6522.360026041667,1,0
705,Fredek,Gibbings,Male,Social Worker,40.69989,-73.80764,36978.51,3081.5426432291665,0,1
706,Querida,St. Quintin,Female,Software Test Engineer II,-32.89164,-60.70392,83536.05,6961.337239583333,1,0
707,Dore,Orto,Female,Nurse,29.201588,111.75513,36352.51,3029.3759765625,1,0
708,Cy,Crouse,Male,Actuary,41.330925,-8.667162,35983.33,2998.6106770833335,0,1
709,Zaria,Vashchenko,Female,Actuary,-8.650979,116.32494,16810.2,1400.8499348958333,1,0
710,Grissel,Windous,Female,Account Executive,60.625187,28.56891,21401.36,1783.4466145833333,1,0
711,Horace,Merveille,Male,Electrical Engineer,29.919386,73.07479,18229.93,1519.1608072916667,0,1
712,Shirlee,Kilpin,Female,Librarian,10.901517,-64.085724,40385.81,3365.4840494791665,1,0
713,Mylo,Collman,Male,Structural Analysis Engineer,13.434579,122.64307,20781.12,1731.7599283854167,0,1
714,Raffaello,Soitoux,Male,Structural Analysis Engineer,7.55633,99.61141,93239.19,7769.932291666667,0,1
715,Rudolf,Finnan,Male,Associate Professor,-7.316501,112.44553,75532.8,6294.399739583333,0,1
716,Burl,Durrant,Male,Nuclear Power Engineer,45.385307,14.485106,12016.07,1001.3391927083334,0,1
717,Neil,MacCarter,Male,Environmental Specialist,52.242863,18.09273,64656.4,5388.033203125,0,1
718,Honoria,Cradoc,Female,Speech Pathologist,-7.949922,110.53049,28369.85,2364.1541341145835,1,0
719,Myranda,Drinkhill,Female,Research Assistant III,51.85006,-105.03443,88604.39,7383.69921875,1,0
720,Harley,Minter,Female,Assistant Manager,37.089714,138.13393,56605.34,4717.111653645833,1,0
721,Tedd,Bampforth,Male,Help Desk Technician,18.278467,100.17965,42221.45,3518.4541015625,0,1
722,Alonso,Gueny,Male,Administrative Officer,25.487867,115.61443,14528.73,1210.7275390625,0,1
723,Dore,Plackstone,Male,Biostatistician I,26.173717,127.80812,22366.43,1863.869140625,0,1
724,Ardyce,Eisig,Female,Human Resources Manager,43.04291,1.9038837,76317.87,6359.822265625,1,0
725,Ware,Fitzmaurice,Male,Mechanical Systems Engineer,5.963336,-75.96394,46578.21,3881.517578125,0,1
726,Manuel,Behnecke,Male,Geologist IV,10.131531,124.17758,45643.02,3803.5849609375,0,1
727,Omero,Brampton,Male,Senior Sales Associate,23.028301,115.84573,83836.42,6986.368489583333,0,1
728,Quinn,Pedgrift,Female,VP Accounting,30.336452,71.756134,82044.0,6837.0,1,0
729,Sherwood,Misson,Male,Payment Adjustment Coordinator,25.489384,111.16085,56567.31,4713.9423828125,0,1
730,Nolie,Fredi,Female,VP Accounting,45.926014,20.078094,55175.88,4597.989908854167,1,0
731,Legra,Manns,Female,Research Associate,43.844727,4.3520436,42246.87,3520.5725911458335,1,0
732,Leonid,Lyvon,Male,Tax Accountant,10.932152,104.798775,79038.72,6586.559895833333,0,1
733,Hendrick,Christophle,Male,Account Executive,27.640076,113.73305,74615.18,6217.931640625,0,1
734,Shandee,Probet,Female,Media Manager I,40.576313,44.87364,83143.4,6928.616536458333,1,0
735,Eal,Goligly,Male,Civil Engineer,18.513813,-72.28819,89197.44,7433.119791666667,0,1
736,Mitchel,Greenroad,Male,Senior Editor,-8.776544,116.50937,22089.29,1840.7740885416667,0,1
737,Raven,Triggs,Female,Product Engineer,-7.263013,112.72117,24608.84,2050.7366536458335,1,0
738,Shana,Hanselmann,Female,Senior Cost Accountant,-6.7967067,111.62135,84370.64,7030.88671875,1,0
739,Jo,Aspden,Female,Dental Hygienist,23.106401,113.45975,29341.95,2445.1624348958335,1,0
740,Irene,Maypole,Female,Staff Scientist,27.633224,85.52775,67349.25,5612.4375,1,0
741,Maisey,Ianinotti,Female,Executive Secretary,3.326288,99.156685,52767.77,4397.314127604167,1,0
742,Aloin,Niset,Male,Marketing Assistant,39.86517,-8.857121,69829.64,5819.13671875,0,1
743,Allix,Kilgallen,Female,Staff Accountant II,39.534153,113.087105,66687.59,5557.299479166667,1,0
744,Neill,Bruty,Male,Civil Engineer,23.12911,113.26438,77999.96,6499.996744791667,0,1
745,Dory,Kite,Female,Recruiting Manager,38.42517,23.672096,97121.81,8093.484375,1,0
746,Isador,Gatcliff,Male,Technical Writer,47.807453,7.176978,73317.92,6109.826822916667,0,1
747,Giustina,Baines,Female,Marketing Manager,-3.5943944,26.670074,95927.23,7993.935546875,1,0
748,Mercedes,Aitken,Female,Senior Developer,-7.1278,108.2102,80564.11,6713.67578125,1,0
749,Mohammed,Kasting,Male,Chief Design Engineer,33.21927,112.528206,36990.61,3082.55078125,0,1
750,Fitzgerald,Moorwood,Male,Human Resources Assistant I,41.095375,-7.8123803,64970.85,5414.237630208333,0,1
751,Aland,Seebert,Male,Software Engineer I,51.76105,5.551041,40392.24,3366.0198567708335,0,1
752,Stefa,Guerrazzi,Female,Help Desk Operator,41.96622,23.075659,86391.82,7199.318359375,1,0
753,Lesley,Gapper,Female,Project Manager,54.373615,37.553867,22115.57,1842.9641927083333,1,0
754,Janaya,Oulner,Female,Nurse Practicioner,-8.650979,116.32494,12908.38,1075.6983235677083,1,0
755,Garvy,Fontin,Male,Physical Therapy Assistant,40.04,-76.31,68961.7,5746.80859375,0,1
756,Lacie,Cainey,Female,Sales Representative,-8.4779415,113.370445,58241.18,4853.431640625,1,0
757,Kristine,Kleinsinger,Female,Chemical Engineer,23.382145,109.56259,20589.38,1715.78173828125,1,0
758,Benedetta,Caldera,Female,Tax Accountant,36.285618,115.14781,50157.94,4179.828450520833,1,0
759,Emanuele,Sprott,Male,Sales Representative,41.86476,12.386484,50699.31,4224.9423828125,0,1
760,Vicki,Munnings,Female,Speech Pathologist,12.45448,7.4976535,15323.1,1276.9249674479167,1,0
761,Ara,Truder,Male,Project Manager,-8.674671,120.36373,14007.42,1167.2849934895833,0,1
762,Emlynn,McGiveen,Female,Administrative Assistant IV,29.763891,121.51327,61419.55,5118.2958984375,1,0
763,Gianni,Dunstone,Male,Engineer I,14.707895,120.94639,49279.8,4106.650065104167,0,1
764,Saxe,O' Connell,Male,Health Coach I,27.087637,114.9647,91555.61,7629.634114583333,0,1
765,Hazlett,Cobbing,Male,Accounting Assistant II,40.18523,44.26682,18795.44,1566.28662109375,0,1
766,Ivar,Fitkin,Male,Budget/Accounting Analyst I,-11.740144,24.423273,32178.18,2681.5149739583335,0,1
767,Bree,Zanre,Female,General Manager,-23.914505,-46.848686,32996.13,2749.6774088541665,1,0
768,Tynan,Veysey,Male,Research Nurse,-9.147217,-77.72679,81534.61,6794.55078125,0,1
769,Tomas,Kwietak,Male,Professor,54.87718,26.938843,70260.97,5855.080729166667,0,1
770,Raynell,Chetwynd,Female,Executive Secretary,14.469388,121.00595,52426.8,4368.900065104167,1,0
771,Raye,Moat,Female,Programmer II,49.854824,36.209,43603.84,3633.6533203125,1,0
772,Valentia,Cicconetti,Female,Systems Administrator I,10.300964,9.823653,71556.44,5963.036458333333,1,0
773,Inna,Worton,Female,Compensation Analyst,31.364042,108.52091,82283.41,6856.950520833333,1,0
774,Alonso,Dengel,Male,Analyst Programmer,51.90345,16.955477,34110.21,2842.517578125,0,1
775,Alverta,MacNulty,Female,Geological Engineer,37.401245,22.136488,17299.62,1441.6349283854167,1,0
776,Rufus,Rydeard,Male,Community Outreach Specialist,-2.8409386,30.346434,91370.91,7614.2421875,0,1
777,Conant,Nacci,Male,Professor,-32.980953,-58.047,25751.75,2145.9791666666665,0,1
778,Ellery,Spire,Male,Senior Editor,27.318851,115.44432,74102.61,6175.217447916667,0,1
779,Cara,Shelbourne,Female,Software Test Engineer I,26.991577,31.41556,94889.51,7907.458984375,1,0
780,Mirella,Ruggiero,Female,Tax Accountant,15.976779,120.56488,69854.1,5821.175130208333,1,0
781,Lilah,Baile,Female,Civil Engineer,55.839546,24.981552,85799.53,7149.9609375,1,0
782,Curt,Lindop,Male,Recruiting Manager,-19.761902,-44.085358,37574.14,3131.1783854166665,0,1
783,Ellsworth,Peracco,Male,Help Desk Operator,18.168682,120.705,61966.29,5163.857421875,0,1
784,Marjorie,Dekeyser,Female,Desktop Support Technician,14.565668,121.03178,12584.83,1048.73583984375,1,0
785,Reba,Corneliussen,Female,Executive Secretary,-0.9452342,-48.1002,60274.02,5022.8349609375,1,0
786,Clarissa,Chieze,Female,Design Engineer,50.334866,13.843701,26843.86,2236.98828125,1,0
787,Lynnelle,Challender,Female,Graphic Designer,54.0368,48.330494,37492.58,3124.3815104166665,1,0
788,Torrin,McCourt,Male,Executive Secretary,40.68,-73.95,17326.29,1443.857421875,0,1
789,Carroll,Flintiff,Female,Statistician III,49.880882,19.217373,44224.9,3685.408203125,1,0
790,Pat,Van der Merwe,Male,Chemical Engineer,38.802265,-7.5547843,98586.72,8215.559895833334,0,1
791,Tamarra,Willmont,Female,Human Resources Assistant I,3.07548,116.448,87988.09,7332.341145833333,1,0
792,Morgana,Kew,Female,Engineer III,23.027798,114.95018,71416.86,5951.404947916667,1,0
793,Vittorio,Howarth,Male,Geologist III,25.075123,117.01753,21357.3,1779.7750651041667,0,1
794,Lyman,Bounde,Male,Analyst Programmer,60.57176,26.050814,36274.01,3022.8343098958335,0,1
795,Roxine,Kinnett,Female,Tax Accountant,60.17342,18.177177,71129.82,5927.485026041667,1,0
796,Gusti,Guidi,Female,Cost Accountant,30.108215,104.67709,20768.76,1730.72998046875,1,0
797,Elton,Coase,Male,Help Desk Operator,-6.7515974,107.92879,48986.38,4082.1982421875,0,1
798,Biron,Richardt,Male,Graphic Designer,-33.68153,-70.9854,85623.28,7135.2734375,0,1
799,Lorri,Dorkin,Female,Senior Quality Engineer,39.74469,-104.99338,32952.39,2746.0325520833335,1,0
800,Andie,Gynni,Female,Statistician II,58.284687,12.326034,79792.9,6649.408203125,1,0
801,Silvan,Riquet,Male,Chemical Engineer,40.895126,-8.550348,87803.97,7316.997395833333,0,1
802,Sigismondo,Aggas,Male,Sales Associate,38.253735,48.29999,64998.88,5416.5732421875,0,1
803,Walker,Pitkins,Male,Payment Adjustment Coordinator,38.407753,114.01553,23901.14,1991.76171875,0,1
804,Hillyer,Ancell,Male,Occupational Therapist,51.669945,16.537653,37925.57,3160.4641927083335,0,1
805,Ronnie,Asmus,Male,Human Resources Assistant III,-32.720844,-60.728363,25091.42,2090.95166015625,0,1
806,Hanny,Anniwell,Female,Senior Financial Analyst,14.328359,120.97723,89945.71,7495.475911458333,1,0
807,Christa,Bricket,Female,Systems Administrator III,-6.801576,108.033195,93902.37,7825.197265625,1,0
808,Sherwin,Freire,Male,Community Outreach Specialist,34.833637,135.53041,12215.95,1017.995849609375,0,1
809,Jed,Shires,Male,Design Engineer,11.423197,43.002483,64130.79,5344.232421875,0,1
810,Elvis,McKague,Male,Biostatistician IV,35.4907,112.85183,95497.91,7958.158854166667,0,1
811,Leyla,Huelin,Female,Marketing Assistant,21.013065,-101.85425,10766.43,897.2024739583334,1,0
812,Dolorita,Hawkey,Female,Biostatistician II,32.253933,-90.24813,69901.04,5825.086588541667,1,0
813,Harmonia,Carn,Female,Accountant IV,-6.7515974,107.92879,99944.05,8328.670572916666,1,0
814,Ellary,Drohun,Male,Electrical Engineer,-6.8827,115.4189,69147.74,5762.311848958333,0,1
815,Currey,Goodfellow,Male,Nurse Practicioner,52.859573,33.364525,26416.62,2201.3849283854165,0,1
816,Carney,MacIntosh,Male,Cost Accountant,10.466263,-66.61688,52773.31,4397.775716145833,0,1
817,Rudd,Buzzing,Male,Human Resources Manager,21.036238,105.79058,17626.64,1468.88671875,0,1
818,Jenine,Fagan,Female,Occupational Therapist,22.222223,-100.925606,49228.24,4102.353190104167,1,0
819,Astrid,Civitillo,Female,Social Worker,-22.194395,-48.778095,64899.19,5408.265950520833,1,0
820,Griffin,Stainburn,Male,Software Test Engineer II,50.470306,17.339283,81008.41,6750.700520833333,0,1
821,Lizette,Roarty,Female,Software Consultant,44.7154,37.761967,38833.58,3236.1315104166665,1,0
822,Ogden,Moro,Male,Professor,40.78407,122.10392,36273.8,3022.8167317708335,0,1
823,Dehlia,Knifton,Female,Assistant Media Planner,36.04572,-115.31339,97979.31,8164.942708333333,1,0
824,Malina,Waylen,Female,Account Executive,52.691555,1.6993747,39530.58,3294.21484375,1,0
825,Abbye,MacAndreis,Female,Accounting Assistant I,45.336964,97.96857,87792.3,7316.024739583333,1,0
826,Doloritas,Slessor,Female,Developer III,13.835913,20.84337,93375.18,7781.264973958333,1,0
827,Jennie,Korejs,Female,Sales Associate,-7.2475,108.1563,48420.5,4035.0416666666665,1,0
828,Jakie,Lindner,Male,Account Representative II,3.1121428,101.693504,40562.7,3380.2249348958335,0,1
829,Danny,Blaszczynski,Male,Project Manager,30.070932,118.18153,85083.4,7090.283203125,0,1
830,Perren,Schuricht,Male,Marketing Manager,16.701895,42.120983,52448.5,4370.708333333333,0,1
831,Benedict,Kilsby,Male,Quality Engineer,49.222755,-122.617546,75660.35,6305.029296875,0,1
832,Raff,Borne,Male,Geologist II,16.959,120.7469,47990.34,3999.1949869791665,0,1
833,Damara,Beaford,Female,Environmental Specialist,49.989098,18.569973,10616.44,884.703369140625,1,0
834,Binnie,Neligan,Female,Director of Sales,22.720974,114.2469,34565.59,2880.4658203125,1,0
835,Inness,Double,Male,Biostatistician III,57.8948,55.9378,25707.71,2142.3092447916665,0,1
836,Lew,Matschke,Male,Financial Analyst,42.022343,43.193653,79247.94,6603.994791666667,0,1
837,Sula,Bulled,Female,Developer IV,37.3934,24.417332,80548.36,6712.36328125,1,0
838,Amy,Walkley,Female,Assistant Media Planner,49.257465,-123.04196,27762.05,2313.5042317708335,1,0
839,Curran,Ladell,Male,Developer II,14.69642,-89.40305,21720.22,1810.0183919270833,0,1
840,Giovanna,Margrem,Female,Financial Advisor,53.130795,30.79359,27633.3,2302.7750651041665,1,0
841,Gracia,Iacapucci,Female,Nuclear Power Engineer,9.600875,41.850143,96380.45,8031.704427083333,1,0
842,Harbert,Clemmensen,Male,Internal Auditor,-6.831664,39.282703,90772.0,7564.333333333333,0,1
843,Bearnard,Vankeev,Male,Professor,42.268555,-89.09658,70527.24,5877.270182291667,0,1
844,Sinclair,Kornas,Male,Registered Nurse,53.159557,19.396961,16977.98,1414.8317057291667,0,1
845,Fraze,Broadhead,Male,Account Executive,32.809456,-96.88956,36098.65,3008.220703125,0,1
846,Pattie,Loren,Female,Community Outreach Specialist,20.543509,-97.42529,15288.11,1274.0091959635417,1,0
847,Meredithe,Panting,Female,Librarian,33.9253,-84.38574,41745.23,3478.7692057291665,1,0
848,Yorker,Pensom,Male,Environmental Specialist,-8.6981,122.247,56892.97,4741.080729166667,0,1
849,Arny,Golley,Male,Assistant Manager,47.82257,0.3908219,71799.04,5983.253255208333,0,1
850,Odelinda,Minchella,Female,Budget/Accounting Analyst II,50.12095,17.383162,45746.11,3812.17578125,1,0
851,Denney,Godfrey,Male,Database Administrator IV,7.683482,-72.490906,52018.46,4334.871744791667,0,1
852,Burch,Timblett,Male,VP Marketing,23.546343,105.02025,92910.72,7742.559895833333,0,1
853,Standford,Rawlcliffe,Male,Quality Control Specialist,-9.889875,124.30327,57265.64,4772.13671875,0,1
854,Bondon,Bebis,Male,Speech Pathologist,10.66261,122.32146,22341.17,1861.76416015625,0,1
855,Mommy,Gladebeck,Female,Recruiting Manager,50.650303,2.9982753,72160.42,6013.368489583333,1,0
856,Angeline,Ryall,Female,Developer II,-8.2357,124.9124,35089.05,2924.0875651041665,1,0
857,Roddy,Gurney,Male,General Manager,37.18459,136.90028,60796.02,5066.3349609375,0,1
858,Henrieta,Kleinstein,Female,Community Outreach Specialist,30.877556,119.42094,69135.9,5761.324869791667,1,0
859,Willyt,Suttaby,Female,Human Resources Assistant IV,40.072536,44.30513,76556.57,6379.714192708333,1,0
860,Berky,Stuckes,Male,Analog Circuit Design manager,28.650072,121.26189,63001.95,5250.162434895833,0,1
861,Omero,Wye,Male,Pharmacist,54.204853,73.56589,66158.85,5513.237630208333,0,1
862,Jenifer,Luberti,Female,Accountant II,46.18621,5.916694,13678.17,1139.8474934895833,1,0
863,Randee,Brownstein,Female,Dental Hygienist,-8.557437,114.03691,44627.3,3718.9417317708335,1,0
864,Bertie,Bewsy,Male,Software Test Engineer II,-8.051573,112.83438,25446.48,2120.5400390625,0,1
865,Tirrell,Mcwhinnie,Male,Software Engineer IV,40.0088,-7.846143,22641.65,1886.80419921875,0,1
866,Tamar,Houchin,Female,Software Test Engineer I,4.338952,-73.93892,89451.13,7454.261067708333,1,0
867,Albrecht,Grist,Male,Assistant Manager,14.515532,120.98129,40264.91,3355.4091796875,0,1
868,Denver,Olman,Male,Structural Engineer,44.956562,39.585327,56653.7,4721.1416015625,0,1
869,Hort,Tolefree,Male,Statistician III,53.835445,91.39604,54245.94,4520.4951171875,0,1
870,Michaella,Casbon,Female,Nurse,13.526784,-14.671901,94702.5,7891.875,1,0
871,Sibley,Bescoby,Female,Engineer II,-8.611727,120.24839,47962.05,3996.8375651041665,1,0
872,Jillane,Masarrat,Female,Senior Developer,35.52623,140.32332,36984.44,3082.0367838541665,1,0
873,Calhoun,Collcutt,Male,Product Engineer,-40.660793,-72.61316,51163.68,4263.639973958333,0,1
874,Phyllis,Applin,Female,Developer IV,43.616497,3.8308136,67625.07,5635.422526041667,1,0
875,Rivy,Adney,Female,Environmental Specialist,39.912086,20.097078,99948.28,8329.0234375,1,0
876,Lianne,Gian,Female,Actuary,52.78432,6.8915143,59421.89,4951.82421875,1,0
877,Olivette,Ghidelli,Female,Administrative Officer,53.377533,-6.2633147,67823.45,5651.954427083333,1,0
878,Page,Bambrugh,Male,Operator,53.84455,18.09998,21850.51,1820.8758138020833,0,1
879,Dulcine,Torrese,Female,Analog Circuit Design manager,38.7,21.466667,81293.52,6774.460286458333,1,0
880,Delmor,O'Crigane,Male,Cost Accountant,56.956802,97.735794,81698.25,6808.1875,0,1
881,Frieda,Castelluzzi,Female,Systems Administrator II,-20.11743,57.556107,77236.36,6436.36328125,1,0
882,Terrill,Tie,Male,Pharmacist,30.943659,120.93492,52146.53,4345.544270833333,0,1
883,Clotilda,Tonks,Female,Occupational Therapist,13.452281,101.18156,92586.94,7715.578125,1,0
884,Wallie,Stewartson,Male,Nurse Practicioner,41.50513,-8.387777,36602.57,3050.2141927083335,0,1
885,Velma,Shackleford,Female,Data Coordiator,37.758293,20.872854,16676.56,1389.71337890625,1,0
886,Adelice,Acum,Female,Administrative Assistant I,41.327293,-8.627514,43652.28,3637.6901041666665,1,0
887,Shoshanna,Bransgrove,Female,Software Consultant,-22.42061,-41.862507,47099.85,3924.9876302083335,1,0
888,Kate,Glanville,Female,Senior Quality Engineer,41.57365,120.44939,20097.84,1674.8199869791667,1,0
889,Janith,Laurenceau,Female,Director of Sales,40.05805,116.333305,93860.65,7821.720703125,1,0
890,Nobie,Arkell,Male,Senior Cost Accountant,7.18016,124.49894,63399.42,5283.28515625,0,1
891,Lissie,Abbay,Female,Librarian,42.25785,118.88693,41790.29,3482.5240885416665,1,0
892,Adrianne,Penburton,Female,Technical Writer,33.011528,114.0223,29159.6,2429.9666341145835,1,0
893,Hyatt,Mulliss,Male,Senior Cost Accountant,-9.147484,33.79272,96174.94,8014.578125,0,1
894,Ahmed,Elks,Male,Marketing Assistant,49.601765,13.865735,25529.88,2127.4900716145835,0,1
895,Sander,Potteridge,Male,Operator,-6.291739,106.800285,78102.84,6508.5703125,0,1
896,Luigi,Cabrales,Male,Editor,60.456398,50.990715,52016.99,4334.7490234375,0,1
897,Mike,Shillington,Male,Quality Engineer,57.75504,11.814933,66504.42,5542.03515625,0,1
898,Davin,Wincom,Male,Assistant Media Planner,31.029898,105.22024,77137.47,6428.122395833333,0,1
899,Goddard,Dyzart,Male,Automation Specialist I,14.641705,120.47861,89474.44,7456.203125,0,1
900,Bancroft,Donisthorpe,Male,Senior Developer,-6.9633727,112.336754,99638.99,8303.249348958334,0,1
901,Aldin,Matuszkiewicz,Male,Operator,-32.954933,27.931913,41468.83,3455.7356770833335,0,1
902,Othella,Duetschens,Female,Accountant II,20.007969,110.293564,87031.46,7252.621744791667,1,0
903,Trevor,Stretton,Male,Structural Analysis Engineer,9.95114,-75.08383,14139.32,1178.2766927083333,0,1
904,Ellswerth,Pavlik,Male,Staff Accountant II,10.111183,14.443218,78367.86,6530.654947916667,0,1
905,Ashly,Onele,Female,VP Sales,-8.685227,120.409836,44539.16,3711.5966796875,1,0
906,Tallie,Durrance,Female,Quality Control Specialist,37.803898,69.63635,32389.92,2699.1599934895835,1,0
907,Koren,Manvelle,Female,Senior Quality Engineer,22.58405,113.09338,64311.31,5359.275716145833,1,0
908,Massimiliano,Cuncarr,Male,Assistant Professor,57.187958,27.682503,39894.26,3324.5218098958335,0,1
909,Avery,Tunniclisse,Male,Pharmacist,50.231853,12.871962,46071.13,3839.2607421875,0,1
910,Cammi,Bruun,Female,Executive Secretary,35.408607,117.14689,61707.55,5142.2958984375,1,0
911,Theresita,Bellwood,Female,Internal Auditor,43.31529,-1.9514657,69239.21,5769.934244791667,1,0
912,Mile,Heavyside,Male,Automation Specialist II,32.886856,-96.96793,26333.16,2194.4300130208335,0,1
913,Inez,Orys,Female,VP Sales,10.414574,8.572102,70333.44,5861.119791666667,1,0
914,Jeremie,Rickaby,Male,Environmental Tech,-8.767859,160.69603,66576.96,5548.080078125,0,1
915,Gordan,Middlemist,Male,Help Desk Technician,45.654278,-74.34819,11926.31,993.859130859375,0,1
916,Grethel,Paniman,Female,Physical Therapy Assistant,35.070206,118.25363,76969.67,6414.139322916667,1,0
917,Margette,Rolance,Female,Executive Secretary,42.081375,48.279247,67199.13,5599.927734375,1,0
918,Merralee,Brockley,Female,Nurse Practicioner,56.30725,38.701054,45568.92,3797.41015625,1,0
919,Catie,Aubrun,Female,Structural Engineer,38.86053,125.78981,13757.67,1146.4724934895833,1,0
920,Petrina,Unitt,Female,Nuclear Power Engineer,32.315887,107.873924,83226.42,6935.53515625,1,0
921,Philomena,Orrum,Female,Analyst Programmer,14.849726,-89.14678,40069.9,3339.158203125,1,0
922,Eben,Copello,Male,Web Designer II,-4.8371534,-37.76628,64732.48,5394.373372395833,0,1
923,Traver,Stillwell,Male,Occupational Therapist,22.768658,-81.017494,79520.5,6626.708333333333,0,1
924,Daven,Pick,Male,Legal Assistant,34.728584,112.132484,49331.4,4110.949869791667,0,1
925,Rey,Girardy,Male,Financial Analyst,39.73761,45.392582,76783.48,6398.623046875,0,1
926,Ximenez,Nestle,Male,Media Manager IV,-8.118912,113.662125,20017.61,1668.1341145833333,0,1
927,Had,Lightewood,Male,Sales Representative,19.336285,-72.11643,66709.45,5559.12109375,0,1
928,Arny,Barson,Male,Assistant Professor,-11.82167,43.27806,52651.87,4387.655924479167,0,1
929,Wadsworth,Ringer,Male,Nurse Practicioner,17.40442,106.63797,70236.33,5853.02734375,0,1
930,Celestyn,Plesing,Female,Web Designer II,32.904915,104.466644,87248.53,7270.7109375,1,0
931,Ingar,McGougan,Male,Structural Analysis Engineer,42.239716,27.77612,63882.56,5323.546549479167,0,1
932,Buiron,Hulland,Male,Financial Advisor,25.461546,118.31969,37728.68,3144.056640625,0,1
933,Timofei,Crucitti,Male,Professor,-6.1923923,106.82184,62848.87,5237.405924479167,0,1
934,Clerc,Sanchez,Male,Statistician IV,14.10604,101.34702,23920.37,1993.3640950520833,0,1
935,Rene,Ferenc,Male,Analog Circuit Design manager,48.691082,2.3741324,55079.8,4589.9833984375,0,1
936,Rori,Buttner,Female,Project Manager,39.43806,127.24306,51438.29,4286.524088541667,1,0
937,Donnie,Warbys,Male,Environmental Tech,58.68423,15.786155,94374.57,7864.547526041667,0,1
938,Raleigh,Trussler,Male,Legal Assistant,7.8005357,-80.74638,52100.58,4341.71484375,0,1
939,Dame,Kingswold,Male,Desktop Support Technician,12.489688,106.02875,32657.16,2721.4300130208335,0,1
940,Kayley,Mattityahou,Female,Senior Financial Analyst,54.867558,31.395756,35622.75,2968.5625,1,0
941,Titus,Oxtiby,Male,Senior Quality Engineer,-7.150975,110.14026,39837.19,3319.7659505208335,0,1
942,Marinna,Roger,Female,Director of Sales,31.266132,121.611244,75199.5,6266.625,1,0
943,Arlyne,Sandars,Female,Help Desk Technician,53.43755,55.2578,26910.64,2242.5533854166665,1,0
944,Berrie,Erdes,Female,Account Representative I,48.224033,23.929888,72022.79,6001.899088541667,1,0
945,Fayth,Pluvier,Female,Physical Therapy Assistant,36.06711,120.38261,40437.29,3369.7740885416665,1,0
946,Belinda,Debow,Female,Executive Secretary,-7.212012,111.6929,53573.19,4464.4326171875,1,0
947,Alexei,Durston,Male,Cost Accountant,32.318256,109.7153,15849.42,1320.7849934895833,0,1
948,Yule,Louche,Male,Design Engineer,-6.183459,106.76475,50278.9,4189.908203125,0,1
949,Jasen,Ivens,Male,Compensation Analyst,37.783844,126.28317,74819.52,6234.960286458333,0,1
950,Tremayne,Thickett,Male,Software Engineer III,40.99849,111.1617,65765.49,5480.457682291667,0,1
951,Levy,Kleinlerer,Male,Mechanical Systems Engineer,27.815742,114.41679,62584.59,5215.382486979167,0,1
952,Rustin,Wozencraft,Male,Human Resources Assistant I,7.5273576,125.623924,88195.81,7349.651041666667,0,1
953,Christy,Callicott,Female,Operator,54.04741,38.40441,30192.09,2516.0074869791665,1,0
954,Honoria,Rapps,Female,Librarian,14.849726,-89.14678,70378.23,5864.852213541667,1,0
955,Neala,Harcombe,Female,Dental Hygienist,40.894623,-6.9635615,27831.09,2319.2574869791665,1,0
956,Kinny,Salmen,Male,Systems Administrator II,49.039078,2.074954,62163.8,5180.316731770833,0,1
957,Claribel,Rubertelli,Female,Research Assistant III,56.79524,105.885574,50676.27,4223.0224609375,1,0
958,Reuven,Curtin,Male,Statistician IV,47.758213,37.67725,59545.48,4962.123372395833,0,1
959,Maurita,Tomlins,Female,Sales Associate,-6.621522,106.80751,16321.66,1360.1383463541667,1,0
960,Gabrila,Halegarth,Female,Physical Therapy Assistant,43.494576,5.897802,16156.38,1346.364990234375,1,0
961,Faun,Jamieson,Female,Systems Administrator II,-8.245185,114.97245,30266.46,2522.205078125,1,0
962,Lilas,Short,Female,Engineer I,65.008156,17.00614,61503.28,5125.2734375,1,0
963,Duff,Mussettini,Male,Information Systems Manager,-3.012309,33.08734,20105.44,1675.4532877604167,0,1
964,Beltran,Baudet,Male,Payment Adjustment Coordinator,42.89114,73.23209,89363.01,7446.917317708333,0,1
965,Oliviero,Ghelarducci,Male,Desktop Support Technician,13.288118,-87.03369,35178.18,2931.5149739583335,0,1
966,Maribel,Palia,Female,Actuary,-8.596926,-38.57435,84566.91,7047.2421875,1,0
967,Cherey,Spittal,Female,Automation Specialist IV,18.452137,-72.28671,25525.55,2127.1292317708335,1,0
968,Leslie,Peye,Male,Financial Analyst,7.233333,124.25,72105.5,6008.791666666667,0,1
969,Hewet,Dulwich,Male,Account Coordinator,14.818221,-88.9378,46495.22,3874.6015625,0,1
970,Reagen,Malatalant,Male,Engineer III,36.97854,117.17352,69976.55,5831.37890625,0,1
971,Dorise,Pedrozzi,Female,Budget/Accounting Analyst II,40.02685,128.1611,99250.83,8270.90234375,1,0
972,Melonie,Ellcock,Female,Office Assistant III,35.026516,111.00746,17959.15,1496.5958658854167,1,0
973,Tanny,Stit,Male,Speech Pathologist,36.682613,126.8484,42856.62,3571.3850911458335,0,1
974,Vinita,Blagbrough,Female,Environmental Specialist,49.8923,19.621588,59112.5,4926.041666666667,1,0
975,Kinnie,Kordovani,Male,Environmental Specialist,53.324963,34.37436,65252.32,5437.693359375,0,1
976,Stavros,Glynn,Male,Assistant Professor,-7.638503,112.91482,69033.2,5752.766927083333,0,1
977,Kylie,M'cowis,Female,VP Sales,38.620693,-90.4408,36990.32,3082.5266927083335,1,0
978,Bancroft,Daughtrey,Male,Associate Professor,-6.6111073,105.77033,94147.65,7845.637369791667,0,1
979,Mariette,Boam,Female,Structural Analysis Engineer,-7.481332,108.4187,42011.18,3500.931640625,1,0
980,Celestyn,Wennam,Female,Technical Writer,55.126415,39.795174,97060.13,8088.344401041667,1,0
981,Claudianus,Harlowe,Male,Speech Pathologist,14.097615,122.95681,82058.79,6838.232421875,0,1
982,Gilbert,Pleat,Male,VP Quality Control,23.4735,99.8277,29673.01,2472.7508138020835,0,1
983,Jarid,Petrazzi,Male,VP Marketing,37.62543,69.63635,69175.73,5764.643880208333,0,1
984,Andrea,Apple,Male,Account Executive,34.95632,33.42714,97631.7,8135.975260416667,0,1
985,Dannel,Chopin,Male,Cost Accountant,26.68498,100.749214,32671.9,2722.6583658854165,0,1
986,Alta,Chaudhry,Female,Accounting Assistant III,-8.301091,112.14898,22750.5,1895.875,1,0
987,Gris,Durrance,Male,Executive Secretary,40.44,-79.98,83121.89,6926.82421875,0,1
988,Edd,Putley,Male,Staff Accountant I,39.343357,117.36165,11209.81,934.1507975260416,0,1
989,Fabiano,Clinton,Male,Software Test Engineer II,-22.05731,-46.97742,56279.89,4689.990885416667,0,1
990,Barn,Eskriet,Male,Budget/Accounting Analyst IV,-24.023293,25.489643,36392.28,3032.6901041666665,0,1
991,Mic,Benbough,Male,GIS Technical Architect,4.272793,-74.416016,89017.71,7418.142578125,0,1
992,Scotti,Dusey,Male,Senior Cost Accountant,50.78429,44.712887,75714.21,6309.517578125,0,1
993,Levi,Ramsell,Male,Account Coordinator,-7.5231833,-77.97101,84527.06,7043.921875,0,1
994,Nilson,Dupree,Male,Legal Assistant,65.4026,21.18867,14880.62,1240.0516764322917,0,1
995,Niki,Ashbrook,Male,Media Manager II,56.55148,36.43472,67437.88,5619.823567708333,0,1
996,Kathye,Grasser,Female,Accountant IV,-12.782212,45.25821,65520.45,5460.037434895833,1,0
997,Haskell,Kempston,Male,Biostatistician I,7.9122744,98.34597,37021.92,3085.16015625,0,1
998,Holly-anne,Gerbl,Female,Speech Pathologist,16.482662,-85.879326,16200.1,1350.00830078125,1,0
999,Marysa,Purdie,Female,Desktop Support Technician,5.5864964,95.3514,95912.44,7992.703125,1,0
1000,Jewell,Haselden,Female,Business Systems Development Analyst,39.8,-89.65,30556.12,2546.34326171875,1,0
